match id,series id,end time,duration (s),mode,map,team,player,win?,score,kills,deaths,+/-,k/d,kills per 10min,deaths per 10min,assists,headshots,suicides,team kills,hits,shots,accuracy (%),avg kill dist (m),fave weapon,fave rig,fave payload,fave trait,fave scorestreaks,hill time (s),hill captures,hill defends,snd rounds,snd firstbloods,bomb pickups,bomb plants,bomb defuses,bomb sneak defuses,uplink dunks,uplink throws,uplink points,2-piece,3-piece,4-piece,multikills,4-streak,5-streak,6-streak,7-streak,8+-streak,4+-streak,scorestreaks earned,scorestreaks used,payloads earned,payloads used
FF6B9D88-E609-11D2-88AE-F8461C0A376D,rel-winners-1-0,2017-06-15 19:11:41 UTC,483,Hardpoint,Retaliation,Cloud9,Aches,W,250,17,19,-2,0.89,21.1,23.6,6,0,0,0,103,569,0.181,20.4m,KBAR-32,Stryker,Centurion,Trophy Drone,"Trinity Rocket, Scorchers, Bombardment",45,1,4,0,0,0,0,0,0,0,0,0,0,0,0,0,1,1,0,0,0,2,0,0,0,0
FF6B9D88-E609-11D2-88AE-F8461C0A376D,rel-winners-1-0,2017-06-15 19:11:41 UTC,483,Hardpoint,Retaliation,Cloud9,Assault,W,250,17,14,3,1.21,21.1,17.4,9,1,0,0,90,394,0.228,21.2m,NV4,Phantom,Active Camo,Rearguard,"Trinity Rocket, Scorchers, Bombardment",109,3,0,0,0,0,0,0,0,0,0,0,3,0,0,3,1,0,0,0,0,1,0,0,0,0
FF6B9D88-E609-11D2-88AE-F8461C0A376D,rel-winners-1-0,2017-06-15 19:11:41 UTC,483,Hardpoint,Retaliation,Cloud9,Priestah,W,250,22,17,5,1.29,27.3,21.1,3,3,0,0,87,326,0.267,17.4m,KBAR-32,Merc,Reactive Armor,Man-at-Arms,"Scarab, Trinity Rocket, Bombardment",80,1,7,0,0,0,0,0,0,0,0,0,3,1,0,4,0,1,0,0,0,1,1,1,0,0
FF6B9D88-E609-11D2-88AE-F8461C0A376D,rel-winners-1-0,2017-06-15 19:11:41 UTC,483,Hardpoint,Retaliation,Cloud9,Xotic,W,250,14,13,1,1.08,17.4,16.1,7,0,0,0,83,398,0.209,15.2m,KBAR-32,FTL,FTL Jump,Power Slide,"Trinity Rocket, Scorchers, Bombardment",81,5,2,0,0,0,0,0,0,0,0,0,1,0,0,1,0,0,0,0,0,0,0,0,1,1
FF6B9D88-E609-11D2-88AE-F8461C0A376D,rel-winners-1-0,2017-06-15 19:11:41 UTC,483,Hardpoint,Retaliation,Supremacy,Eazy,L,136,17,17,0,1,21.1,21.1,1,1,0,0,75,400,0.188,21.1m,NV4,Phantom,Active Camo,Rearguard,"Scarab, Trinity Rocket, Bombardment",71,3,3,0,0,0,0,0,0,0,0,0,2,0,0,2,0,0,0,0,0,0,0,0,0,0
FF6B9D88-E609-11D2-88AE-F8461C0A376D,rel-winners-1-0,2017-06-15 19:11:41 UTC,483,Hardpoint,Retaliation,Supremacy,Malls,L,136,14,16,-2,0.88,17.4,19.9,6,2,0,0,79,348,0.227,19.4m,NV4,Stryker,Centurion,Trophy Drone,"Scarab, Trinity Rocket, Bombardment",43,1,1,0,0,0,0,0,0,0,0,0,1,0,0,1,0,1,0,0,0,1,2,0,0,0
FF6B9D88-E609-11D2-88AE-F8461C0A376D,rel-winners-1-0,2017-06-15 19:11:41 UTC,483,Hardpoint,Retaliation,Supremacy,SyVortex,L,136,22,20,2,1.1,27.3,24.8,4,2,0,0,109,399,0.273,14.0m,KBAR-32,FTL,FTL Jump,Power Slide,"Scarab, Trinity Rocket, Bombardment",25,3,2,0,0,0,0,0,0,0,0,0,4,0,0,4,1,0,0,0,0,1,1,0,1,1
FF6B9D88-E609-11D2-88AE-F8461C0A376D,rel-winners-1-0,2017-06-15 19:11:41 UTC,483,Hardpoint,Retaliation,Supremacy,TonyJs,L,136,10,17,-7,0.59,12.4,21.1,5,0,0,0,53,304,0.174,20.7m,NV4,Merc,Reactive Armor,Man-at-Arms,"Scarab, Trinity Rocket, Bombardment",29,2,0,0,0,0,0,0,0,0,0,0,1,0,0,1,1,0,0,0,0,1,1,0,0,0
68FAE8A8-E60A-11D2-1C28-F8461C09E55D,rel-winners-1-1,2017-06-15 19:17:13 UTC,606,Hardpoint,Retaliation,Millenium,MarkyB,L,222,24,22,2,1.09,23.8,21.8,6,3,0,0,107,447,0.239,20.7m,NV4,FTL,FTL Jump,Power Slide,"Trinity Rocket, Scorchers, Bombardment",56,2,4,0,0,0,0,0,0,0,0,0,2,1,0,3,0,2,0,0,0,2,0,0,1,0
68FAE8A8-E60A-11D2-1C28-F8461C09E55D,rel-winners-1-1,2017-06-15 19:17:13 UTC,606,Hardpoint,Retaliation,Millenium,Moose,L,222,27,19,8,1.42,26.7,18.8,6,4,0,0,114,459,0.248,13.1m,KBAR-32,Phantom,Active Camo,Rearguard,"Trinity Rocket, Scorchers, Bombardment",133,8,8,0,0,0,0,0,0,0,0,0,5,0,0,5,1,0,0,0,1,2,3,0,1,1
68FAE8A8-E60A-11D2-1C28-F8461C09E55D,rel-winners-1-1,2017-06-15 19:17:13 UTC,606,Hardpoint,Retaliation,Millenium,Nolson,L,222,16,24,-8,0.67,15.8,23.8,6,3,0,0,87,338,0.257,19.2m,NV4,Stryker,Centurion,Trophy Drone,"Trinity Rocket, Scorchers, Bombardment",19,2,1,0,0,0,0,0,0,0,0,0,2,0,0,2,0,0,0,0,0,0,0,0,0,0
68FAE8A8-E60A-11D2-1C28-F8461C09E55D,rel-winners-1-1,2017-06-15 19:17:13 UTC,606,Hardpoint,Retaliation,Millenium,Peatie,L,222,20,24,-4,0.83,19.8,23.8,9,1,0,0,38,412,0.092,14.5m,KBAR-32,Merc,Reactive Armor,Man-at-Arms,"Trinity Rocket, Scorchers, Bombardment",36,4,1,0,0,0,0,0,0,0,0,0,3,0,0,3,1,0,0,0,0,1,0,0,0,0
68FAE8A8-E60A-11D2-1C28-F8461C09E55D,rel-winners-1-1,2017-06-15 19:17:13 UTC,606,Hardpoint,Retaliation,Tainted Minds,Damage,W,250,23,19,4,1.21,22.8,18.8,5,3,0,0,117,533,0.22,21.2m,NV4,Stryker,Centurion,Trophy Drone,"Trinity Rocket, Scorchers, Bombardment",7,1,0,0,0,0,0,0,0,0,0,0,5,0,0,5,1,1,0,0,0,2,0,0,0,0
68FAE8A8-E60A-11D2-1C28-F8461C09E55D,rel-winners-1-1,2017-06-15 19:17:13 UTC,606,Hardpoint,Retaliation,Tainted Minds,Excite,W,250,16,21,-5,0.76,15.8,20.8,10,2,0,1,84,436,0.193,15.1m,KBAR-32,Phantom,Active Camo,Rearguard,"Trinity Rocket, Scorchers, Bombardment",145,5,5,0,0,0,0,0,0,0,0,0,2,0,0,2,0,0,0,0,0,0,0,0,0,0
68FAE8A8-E60A-11D2-1C28-F8461C09E55D,rel-winners-1-1,2017-06-15 19:17:13 UTC,606,Hardpoint,Retaliation,Tainted Minds,Nimble,W,250,21,25,-4,0.84,20.8,24.8,7,0,0,0,108,571,0.189,14.7m,KBAR-32,Merc,Reactive Armor,Man-at-Arms,"Trinity Rocket, Scorchers, Bombardment",48,3,1,0,0,0,0,0,0,0,0,0,2,2,0,4,2,0,0,0,0,2,0,0,0,0
68FAE8A8-E60A-11D2-1C28-F8461C09E55D,rel-winners-1-1,2017-06-15 19:17:13 UTC,606,Hardpoint,Retaliation,Tainted Minds,Swifty,W,250,29,22,7,1.32,28.7,21.8,3,0,0,1,128,556,0.23,13.8m,KBAR-32,FTL,FTL Jump,Power Slide,"Trinity Rocket, Scorchers, Bombardment",91,7,8,0,0,0,0,0,0,0,0,0,1,1,1,3,4,0,0,0,0,4,0,0,1,1
B249CC94-E60B-11D2-88AE-F8461C0A376D,rel-winners-1-0,2017-06-15 19:26:01 UTC,614,Search & Destroy,Throwback,Cloud9,Aches,W,6,3,4,-1,0.75,2.9,3.9,6,0,0,0,41,292,0.14,12.4m,NV4,Stryker,Centurion,Trophy Drone,"Scarab, Trinity Rocket, Bombardment",0,0,0,8,1,0,0,0,0,0,0,0,0,0,0,0,0,0,0,0,0,0,0,0,0,0
B249CC94-E60B-11D2-88AE-F8461C0A376D,rel-winners-1-0,2017-06-15 19:26:01 UTC,614,Search & Destroy,Throwback,Cloud9,Assault,W,6,7,2,5,3.5,6.8,2,2,1,0,1,31,130,0.238,32.9m,NV4,Phantom,Active Camo,Rearguard,"Trinity Rocket, Scorchers, Bombardment",0,0,0,8,1,3,3,2,0,0,0,0,1,0,0,1,2,0,0,0,0,2,1,1,0,0
B249CC94-E60B-11D2-88AE-F8461C0A376D,rel-winners-1-0,2017-06-15 19:26:01 UTC,614,Search & Destroy,Throwback,Cloud9,Priestah,W,6,9,4,5,2.25,8.8,3.9,1,0,0,0,35,135,0.259,12.8m,Erad,Merc,Reactive Armor,Man-at-Arms,"Scarab, Trinity Rocket, Bombardment",0,0,0,8,1,1,1,0,0,0,0,0,2,0,0,2,0,0,0,0,0,0,0,0,1,0
B249CC94-E60B-11D2-88AE-F8461C0A376D,rel-winners-1-0,2017-06-15 19:26:01 UTC,614,Search & Destroy,Throwback,Cloud9,Xotic,W,6,8,4,4,2,7.8,3.9,3,0,0,0,32,168,0.19,14.2m,KBAR-32,FTL,FTL Jump,Power Slide,"Scarab, Trinity Rocket, Bombardment",0,0,0,8,2,0,0,0,0,0,0,0,2,0,0,2,1,0,0,0,0,1,0,0,5,0
B249CC94-E60B-11D2-88AE-F8461C0A376D,rel-winners-1-0,2017-06-15 19:26:01 UTC,614,Search & Destroy,Throwback,Supremacy,Eazy,L,2,3,7,-4,0.43,2.9,6.8,0,0,0,0,30,203,0.148,28.8m,NV4,Phantom,Active Camo,Rearguard,"Scarab, Trinity Rocket, Bombardment",0,0,0,8,0,1,1,0,0,0,0,0,0,0,0,0,0,0,0,0,0,0,0,0,0,0
B249CC94-E60B-11D2-88AE-F8461C0A376D,rel-winners-1-0,2017-06-15 19:26:01 UTC,614,Search & Destroy,Throwback,Supremacy,Malls,L,2,3,6,-3,0.5,2.9,5.9,2,0,0,0,21,102,0.206,20.4m,KBAR-32,Stryker,Centurion,Trophy Drone,"Scarab, Trinity Rocket, Bombardment",0,0,0,8,1,0,0,0,0,0,0,0,0,0,0,0,0,0,0,0,0,0,0,0,0,0
B249CC94-E60B-11D2-88AE-F8461C0A376D,rel-winners-1-0,2017-06-15 19:26:01 UTC,614,Search & Destroy,Throwback,Supremacy,SyVortex,L,2,5,7,-2,0.71,4.9,6.8,2,0,0,0,25,114,0.219,15.7m,KBAR-32,FTL,FTL Jump,Power Slide,"Scarab, Trinity Rocket, Bombardment",0,0,0,8,2,3,3,0,0,0,0,0,0,0,0,0,0,0,0,0,0,0,0,0,3,2
B249CC94-E60B-11D2-88AE-F8461C0A376D,rel-winners-1-0,2017-06-15 19:26:01 UTC,614,Search & Destroy,Throwback,Supremacy,TonyJs,L,2,3,7,-4,0.43,2.9,6.8,1,0,0,0,13,75,0.173,39.7m,KBS Longbow,Merc,Reactive Armor,Man-at-Arms,"Scarab, Trinity Rocket, Bombardment",0,0,0,8,0,0,0,0,0,0,0,0,0,0,0,0,0,0,0,0,0,0,0,0,0,0
90A0FBD4-E60C-11D2-1C28-F8461C09E55D,rel-winners-1-1,2017-06-15 19:33:47 UTC,677,Search & Destroy,Throwback,Millenium,MarkyB,L,3,5,9,-4,0.56,4.4,8,1,0,0,0,29,132,0.22,22.9m,NV4,FTL,FTL Jump,Power Slide,"Trinity Rocket, Scorchers, Bombardment",0,0,0,9,1,0,0,0,0,0,0,0,1,0,0,1,0,0,0,0,0,0,0,0,6,0
90A0FBD4-E60C-11D2-1C28-F8461C09E55D,rel-winners-1-1,2017-06-15 19:33:47 UTC,677,Search & Destroy,Throwback,Millenium,Moose,L,3,9,8,1,1.12,8,7.1,3,0,0,1,43,162,0.265,12.8m,KBAR-32,Phantom,Active Camo,Rearguard,"Trinity Rocket, Scorchers, Bombardment",0,0,0,9,0,0,0,0,0,0,0,0,2,0,0,2,1,0,0,0,0,1,0,0,3,1
90A0FBD4-E60C-11D2-1C28-F8461C09E55D,rel-winners-1-1,2017-06-15 19:33:47 UTC,677,Search & Destroy,Throwback,Millenium,Nolson,L,3,6,6,0,1,5.3,5.3,2,0,0,0,24,136,0.176,15.2m,NV4,Stryker,Centurion,Trophy Drone,"Trinity Rocket, Scorchers, Bombardment",0,0,0,9,0,0,0,0,0,0,0,0,1,0,0,1,0,0,0,0,0,0,0,0,0,0
90A0FBD4-E60C-11D2-1C28-F8461C09E55D,rel-winners-1-1,2017-06-15 19:33:47 UTC,677,Search & Destroy,Throwback,Millenium,Peatie,L,3,5,7,-2,0.71,4.4,6.2,1,0,0,0,7,141,0.05,12.5m,Erad,Merc,Reactive Armor,Man-at-Arms,"Trinity Rocket, Scorchers, Bombardment",0,0,0,9,0,5,5,0,0,0,0,0,0,1,0,1,1,0,0,0,0,1,0,0,0,0
90A0FBD4-E60C-11D2-1C28-F8461C09E55D,rel-winners-1-1,2017-06-15 19:33:47 UTC,677,Search & Destroy,Throwback,Tainted Minds,Damage,W,6,5,7,-2,0.71,4.4,6.2,2,0,0,0,24,110,0.218,23.1m,NV4,Warfighter,Overdrive,Resupply,"Trinity Rocket, Scorchers, Bombardment",0,0,0,9,2,0,0,0,0,0,0,0,0,0,0,0,0,0,0,0,0,0,0,0,0,0
90A0FBD4-E60C-11D2-1C28-F8461C09E55D,rel-winners-1-1,2017-06-15 19:33:47 UTC,677,Search & Destroy,Throwback,Tainted Minds,Excite,W,6,12,4,8,3,10.6,3.5,1,2,0,0,50,194,0.258,13.0m,KBAR-32,Phantom,Active Camo,Rearguard,"Trinity Rocket, Scorchers, Bombardment",0,0,0,9,3,0,0,2,0,0,0,0,1,0,0,1,0,1,0,0,0,1,3,1,2,1
90A0FBD4-E60C-11D2-1C28-F8461C09E55D,rel-winners-1-1,2017-06-15 19:33:47 UTC,677,Search & Destroy,Throwback,Tainted Minds,Nimble,W,6,9,6,3,1.5,8,5.3,1,0,0,0,35,132,0.265,19.9m,KBAR-32,Merc,Reactive Armor,Man-at-Arms,"Trinity Rocket, Scorchers, Bombardment",0,0,0,9,2,4,2,1,0,0,0,0,1,0,0,1,0,1,0,0,0,1,2,2,2,1
90A0FBD4-E60C-11D2-1C28-F8461C09E55D,rel-winners-1-1,2017-06-15 19:33:47 UTC,677,Search & Destroy,Throwback,Tainted Minds,Swifty,W,6,4,8,-4,0.5,3.5,7.1,1,0,0,0,31,102,0.304,9.6m,KBAR-32,FTL,FTL Jump,Power Slide,"Trinity Rocket, Scorchers, Bombardment",0,0,0,9,1,0,0,0,0,0,0,0,0,0,0,0,0,0,0,0,0,0,0,0,0,0
5E868B8A-E60E-11D2-88AE-F8461C0A376D,rel-winners-1-0,2017-06-15 19:45:21 UTC,625,Uplink,Precinct,Cloud9,Aches,W,12,22,22,0,1,21.1,21.1,17,3,0,1,134,695,0.193,19.3m,NV4,Stryker,Centurion,Trophy Drone,"Trinity Rocket, Scorchers, Bombardment",0,0,0,0,0,0,0,0,0,1,0,2,1,1,0,2,0,0,0,0,0,0,0,0,0,0
5E868B8A-E60E-11D2-88AE-F8461C0A376D,rel-winners-1-0,2017-06-15 19:45:21 UTC,625,Uplink,Precinct,Cloud9,Assault,W,12,30,21,9,1.43,28.8,20.2,14,0,0,0,136,538,0.253,21.2m,NV4,Phantom,Active Camo,Rearguard,"Trinity Rocket, Scorchers, Bombardment",0,0,0,0,0,0,0,0,0,1,0,2,2,1,0,3,2,0,0,0,0,2,0,0,1,1
5E868B8A-E60E-11D2-88AE-F8461C0A376D,rel-winners-1-0,2017-06-15 19:45:21 UTC,625,Uplink,Precinct,Cloud9,Priestah,W,12,22,25,-3,0.88,21.1,24,10,0,0,0,115,409,0.281,14.7m,KBAR-32,Warfighter,Overdrive,Resupply,"Scarab, Trinity Rocket, Bombardment",0,0,0,0,0,0,0,0,0,0,3,3,4,1,0,5,1,0,0,0,0,1,0,0,1,1
5E868B8A-E60E-11D2-88AE-F8461C0A376D,rel-winners-1-0,2017-06-15 19:45:21 UTC,625,Uplink,Precinct,Cloud9,Xotic,W,12,27,20,7,1.35,25.9,19.2,6,2,0,0,116,516,0.225,14.8m,KBAR-32,FTL,FTL Jump,Power Slide,"Trinity Rocket, Scorchers, Bombardment",0,0,0,0,0,0,0,0,0,1,3,5,4,0,0,4,1,0,0,0,0,1,0,0,2,1
5E868B8A-E60E-11D2-88AE-F8461C0A376D,rel-winners-1-0,2017-06-15 19:45:21 UTC,625,Uplink,Precinct,Supremacy,Eazy,L,4,23,25,-2,0.92,22.1,24,9,3,0,2,119,577,0.206,17.0m,KBAR-32,Phantom,Active Camo,Rearguard,"Scarab, Trinity Rocket, Bombardment",0,0,0,0,0,0,0,0,0,0,2,2,4,0,0,4,1,0,0,0,0,1,0,0,1,1
5E868B8A-E60E-11D2-88AE-F8461C0A376D,rel-winners-1-0,2017-06-15 19:45:21 UTC,625,Uplink,Precinct,Supremacy,Malls,L,4,17,26,-9,0.65,16.3,25,16,0,0,0,121,476,0.254,16.8m,KBAR-32,Warfighter,Overdrive,Resupply,"Scarab, Trinity Rocket, Bombardment",0,0,0,0,0,0,0,0,0,1,0,2,3,0,0,3,0,0,0,0,0,0,0,0,1,1
5E868B8A-E60E-11D2-88AE-F8461C0A376D,rel-winners-1-0,2017-06-15 19:45:21 UTC,625,Uplink,Precinct,Supremacy,SyVortex,L,4,21,28,-7,0.75,20.2,26.9,7,1,0,0,110,480,0.229,13.3m,Erad,FTL,FTL Jump,Power Slide,"Scarab, Trinity Rocket, Bombardment",0,0,0,0,0,0,0,0,0,0,0,0,2,0,0,2,0,0,0,0,0,0,0,0,1,1
5E868B8A-E60E-11D2-88AE-F8461C0A376D,rel-winners-1-0,2017-06-15 19:45:21 UTC,625,Uplink,Precinct,Supremacy,TonyJs,L,4,27,22,5,1.23,25.9,21.1,8,4,0,0,120,597,0.201,18.0m,NV4,Merc,Reactive Armor,Man-at-Arms,"Scarab, Trinity Rocket, Bombardment",0,0,0,0,0,0,0,0,0,0,0,0,6,0,0,6,0,0,0,0,0,0,0,0,0,0
736D7E5E-E60F-11D2-1C28-F8461C09E55D,rel-winners-1-1,2017-06-15 19:53:37 UTC,625,Uplink,Precinct,Millenium,MarkyB,W,12,29,22,7,1.32,27.8,21.1,10,0,0,0,135,563,0.24,20.7m,NV4,Warfighter,Overdrive,Resupply,"Trinity Rocket, Scorchers, Bombardment",0,0,0,0,0,0,0,0,0,1,0,2,5,0,0,5,0,1,1,0,0,2,2,2,1,0
736D7E5E-E60F-11D2-1C28-F8461C09E55D,rel-winners-1-1,2017-06-15 19:53:37 UTC,625,Uplink,Precinct,Millenium,Moose,W,12,25,19,6,1.32,24,18.2,10,2,0,0,107,509,0.21,14.3m,KBAR-32,Phantom,Active Camo,Rearguard,"Trinity Rocket, Scorchers, Bombardment",0,0,0,0,0,0,0,0,0,0,1,1,6,0,0,6,1,0,0,0,0,1,0,0,1,1
736D7E5E-E60F-11D2-1C28-F8461C09E55D,rel-winners-1-1,2017-06-15 19:53:37 UTC,625,Uplink,Precinct,Millenium,Nolson,W,12,19,20,-1,0.95,18.2,19.2,11,0,0,0,102,365,0.279,17.1m,NV4,Stryker,Centurion,Trophy Drone,"Trinity Rocket, Scorchers, Bombardment",0,0,0,0,0,0,0,0,0,2,1,5,4,0,0,4,1,0,0,0,0,1,0,0,0,0
736D7E5E-E60F-11D2-1C28-F8461C09E55D,rel-winners-1-1,2017-06-15 19:53:37 UTC,625,Uplink,Precinct,Millenium,Peatie,W,12,29,22,7,1.32,27.8,21.1,12,2,0,0,46,589,0.078,10.6m,Erad,Merc,Reactive Armor,Man-at-Arms,"Trinity Rocket, Scorchers, Bombardment",0,0,0,0,0,0,0,0,0,2,0,4,4,0,0,4,3,0,1,0,0,4,0,0,1,1
736D7E5E-E60F-11D2-1C28-F8461C09E55D,rel-winners-1-1,2017-06-15 19:53:37 UTC,625,Uplink,Precinct,Tainted Minds,Damage,L,9,23,24,-1,0.96,22.1,23,6,2,0,0,98,451,0.217,20.2m,NV4,Warfighter,Overdrive,Resupply,"Trinity Rocket, Scorchers, Bombardment",0,0,0,0,0,0,0,0,0,1,1,3,3,0,0,3,1,0,0,0,0,1,0,0,1,1
736D7E5E-E60F-11D2-1C28-F8461C09E55D,rel-winners-1-1,2017-06-15 19:53:37 UTC,625,Uplink,Precinct,Tainted Minds,Excite,L,9,16,27,-11,0.59,15.4,25.9,16,1,0,1,106,509,0.208,14.3m,KBAR-32,Phantom,Active Camo,Rearguard,"Trinity Rocket, Scorchers, Bombardment",0,0,0,0,0,0,0,0,0,2,0,4,1,0,0,1,0,0,0,0,0,0,0,0,1,1
736D7E5E-E60F-11D2-1C28-F8461C09E55D,rel-winners-1-1,2017-06-15 19:53:37 UTC,625,Uplink,Precinct,Tainted Minds,Nimble,L,9,25,26,-1,0.96,24,25,8,1,0,0,124,617,0.201,14.2m,KBAR-32,Merc,Reactive Armor,Man-at-Arms,"Trinity Rocket, Scorchers, Bombardment",0,0,0,0,0,0,0,0,0,0,0,0,2,0,0,2,0,1,0,0,0,1,0,0,0,0
736D7E5E-E60F-11D2-1C28-F8461C09E55D,rel-winners-1-1,2017-06-15 19:53:37 UTC,625,Uplink,Precinct,Tainted Minds,Swifty,L,9,19,25,-6,0.76,18.2,24,8,4,0,0,92,402,0.229,12.6m,KBAR-32,FTL,FTL Jump,Power Slide,"Trinity Rocket, Scorchers, Bombardment",0,0,0,0,0,0,0,0,0,1,0,2,3,0,0,3,0,0,0,0,0,0,0,0,1,1
CC2369F8-E611-11D2-1C28-F8461C09E55D,rel-winners-1-1,2017-06-15 20:11:38 UTC,700,Hardpoint,Throwback,Millenium,MarkyB,W,250,29,27,2,1.07,24.9,23.1,17,1,0,1,162,629,0.258,16.1m,KBAR-32,FTL,FTL Jump,Power Slide,"Trinity Rocket, Scorchers, Bombardment",94,12,5,0,0,0,0,0,0,0,0,0,2,0,0,2,1,0,0,0,0,1,0,0,1,1
CC2369F8-E611-11D2-1C28-F8461C09E55D,rel-winners-1-1,2017-06-15 20:11:38 UTC,700,Hardpoint,Throwback,Millenium,Moose,W,250,26,26,0,1,22.3,22.3,17,2,0,0,134,601,0.223,14.8m,KBAR-32,Phantom,Active Camo,Rearguard,"Trinity Rocket, Scorchers, Bombardment",72,5,3,0,0,0,0,0,0,0,0,0,3,0,0,3,1,1,0,0,0,2,0,0,1,1
CC2369F8-E611-11D2-1C28-F8461C09E55D,rel-winners-1-1,2017-06-15 20:11:38 UTC,700,Hardpoint,Throwback,Millenium,Nolson,W,250,30,23,7,1.3,25.7,19.7,10,1,0,1,145,649,0.223,12.8m,KBAR-32,Stryker,Centurion,Trophy Drone,"Trinity Rocket, Scorchers, Bombardment",91,8,1,0,0,0,0,0,0,0,0,0,1,0,1,2,1,1,0,0,0,2,0,0,1,1
CC2369F8-E611-11D2-1C28-F8461C09E55D,rel-winners-1-1,2017-06-15 20:11:38 UTC,700,Hardpoint,Throwback,Millenium,Peatie,W,250,41,32,9,1.28,35.1,27.4,8,3,0,1,44,682,0.065,11.7m,KBAR-32,Merc,Reactive Armor,Man-at-Arms,"Trinity Rocket, Scorchers, Bombardment",32,8,1,0,0,0,0,0,0,0,0,0,6,2,0,8,2,0,1,0,0,3,0,0,1,1
CC2369F8-E611-11D2-1C28-F8461C09E55D,rel-winners-1-1,2017-06-15 20:11:38 UTC,700,Hardpoint,Throwback,Tainted Minds,Damage,L,210,30,29,1,1.03,25.7,24.9,7,2,0,0,109,582,0.187,15.9m,KBAR-32,Stryker,Centurion,Trophy Drone,"Trinity Rocket, Scorchers, Bombardment",40,6,4,0,0,0,0,0,0,0,0,0,3,1,0,4,3,0,0,0,0,3,0,0,1,0
CC2369F8-E611-11D2-1C28-F8461C09E55D,rel-winners-1-1,2017-06-15 20:11:38 UTC,700,Hardpoint,Throwback,Tainted Minds,Excite,L,210,30,27,3,1.11,25.7,23.1,5,0,0,0,155,662,0.234,15.9m,Erad,Phantom,Active Camo,Rearguard,"Trinity Rocket, Scorchers, Bombardment",115,11,3,0,0,0,0,0,0,0,0,0,3,1,0,4,1,1,0,0,0,2,3,3,1,1
CC2369F8-E611-11D2-1C28-F8461C09E55D,rel-winners-1-1,2017-06-15 20:11:38 UTC,700,Hardpoint,Throwback,Tainted Minds,Nimble,L,210,22,34,-12,0.65,18.9,29.1,8,0,0,0,131,629,0.208,15.2m,KBAR-32,Merc,Reactive Armor,Man-at-Arms,"Trinity Rocket, Scorchers, Bombardment",50,11,3,0,0,0,0,0,0,0,0,0,3,0,0,3,0,0,0,0,0,0,0,0,1,1
CC2369F8-E611-11D2-1C28-F8461C09E55D,rel-winners-1-1,2017-06-15 20:11:38 UTC,700,Hardpoint,Throwback,Tainted Minds,Swifty,L,210,26,36,-10,0.72,22.3,30.9,12,6,0,0,144,665,0.217,15.4m,KBAR-32,FTL,FTL Jump,Power Slide,"Trinity Rocket, Scorchers, Bombardment",44,6,3,0,0,0,0,0,0,0,0,0,2,1,0,3,0,1,0,0,0,1,0,0,1,1
1D6DF182-E614-11D2-88AE-F8461C0A376D,rel-winners-1-2,2017-06-15 20:24:52 UTC,529,Hardpoint,Retaliation,BitterSweet,Lacefield,L,173,10,19,-9,0.53,11.3,21.6,4,1,0,0,45,201,0.224,13.4m,KBAR-32,Merc,Reactive Armor,Man-at-Arms,"Scarab, Trinity Rocket, Bombardment",59,8,0,0,0,0,0,0,0,0,0,0,1,0,0,1,0,0,0,0,0,0,0,0,0,0
1D6DF182-E614-11D2-88AE-F8461C0A376D,rel-winners-1-2,2017-06-15 20:24:52 UTC,529,Hardpoint,Retaliation,BitterSweet,LlamaGod,L,173,22,17,5,1.29,25,19.3,5,3,0,0,99,483,0.205,18.8m,KBAR-32,FTL,FTL Jump,Power Slide,"Scarab, Trinity Rocket, Bombardment",28,3,0,0,0,0,0,0,0,0,0,0,2,1,0,3,1,0,0,0,0,1,2,0,1,1
1D6DF182-E614-11D2-88AE-F8461C0A376D,rel-winners-1-2,2017-06-15 20:24:52 UTC,529,Hardpoint,Retaliation,BitterSweet,Maux,L,173,23,16,7,1.44,26.1,18.1,5,2,0,0,94,316,0.297,19.2m,NV4,Phantom,Active Camo,Rearguard,"Trinity Rocket, Scorchers, Bombardment",58,1,5,0,0,0,0,0,0,0,0,0,3,0,0,3,0,0,1,0,0,1,0,0,1,1
1D6DF182-E614-11D2-88AE-F8461C0A376D,rel-winners-1-2,2017-06-15 20:24:52 UTC,529,Hardpoint,Retaliation,BitterSweet,SpaceLy,L,173,14,21,-7,0.67,15.9,23.8,11,0,0,0,90,407,0.221,14.0m,KBAR-32,Stryker,Centurion,Trophy Drone,"Scarab, Trinity Rocket, Bombardment",48,4,1,0,0,0,0,0,0,0,0,0,1,0,0,1,0,0,0,0,0,0,0,0,0,0
1D6DF182-E614-11D2-88AE-F8461C0A376D,rel-winners-1-2,2017-06-15 20:24:52 UTC,529,Hardpoint,Retaliation,Fnatic,Skrapz,W,250,14,19,-5,0.74,15.9,21.6,2,0,0,0,63,278,0.227,15.0m,KBAR-32,FTL,FTL Jump,Power Slide,"Trinity Rocket, Scorchers, Bombardment",44,3,2,0,0,0,0,0,0,0,0,0,0,0,0,0,0,0,0,0,0,0,0,0,1,0
1D6DF182-E614-11D2-88AE-F8461C0A376D,rel-winners-1-2,2017-06-15 20:24:52 UTC,529,Hardpoint,Retaliation,Fnatic,SunnyB,W,250,15,17,-2,0.88,17,19.3,5,2,0,0,87,384,0.227,12.1m,Erad,Stryker,Centurion,Trophy Drone,"Scarab, Trinity Rocket, Bombardment",112,7,5,0,0,0,0,0,0,0,0,0,3,0,0,3,1,0,0,0,0,1,2,2,0,0
1D6DF182-E614-11D2-88AE-F8461C0A376D,rel-winners-1-2,2017-06-15 20:24:52 UTC,529,Hardpoint,Retaliation,Fnatic,Tommey,W,250,29,15,14,1.93,32.9,17,11,4,1,1,120,450,0.267,18.9m,NV4,Phantom,Active Camo,Rearguard,"Trinity Rocket, Scorchers, Bombardment",94,5,6,0,0,0,0,0,0,0,0,0,5,2,0,7,3,1,0,0,0,4,3,3,1,1
1D6DF182-E614-11D2-88AE-F8461C0A376D,rel-winners-1-2,2017-06-15 20:24:52 UTC,529,Hardpoint,Retaliation,Fnatic,Wuskin,W,250,15,19,-4,0.79,17,21.6,8,1,0,0,80,431,0.186,15.2m,KBAR-32,Merc,Reactive Armor,Man-at-Arms,"Scarab, Trinity Rocket, Bombardment",47,2,3,0,0,0,0,0,0,0,0,0,0,1,0,1,1,0,0,0,0,1,1,1,0,0
B07A5326-E614-11D2-1C28-F8461C09E55D,rel-winners-1-1,2017-06-15 20:29:21 UTC,521,Search & Destroy,Crusher,Millenium,MarkyB,L,2,4,7,-3,0.57,4.6,8.1,1,0,0,0,22,86,0.256,6.1m,KBAR-32,FTL,FTL Jump,Power Slide,"Trinity Rocket, Scorchers, Bombardment",0,0,0,8,3,0,0,0,0,0,0,0,0,0,0,0,0,0,0,0,0,0,0,0,0,0
B07A5326-E614-11D2-1C28-F8461C09E55D,rel-winners-1-1,2017-06-15 20:29:21 UTC,521,Search & Destroy,Crusher,Millenium,Moose,L,2,5,8,-3,0.62,5.8,9.2,3,0,0,0,30,132,0.227,15.8m,KBAR-32,Phantom,Active Camo,Rearguard,"Trinity Rocket, Scorchers, Bombardment",0,0,0,8,1,0,0,0,0,0,0,0,1,0,0,1,0,0,0,0,0,0,0,0,0,0
B07A5326-E614-11D2-1C28-F8461C09E55D,rel-winners-1-1,2017-06-15 20:29:21 UTC,521,Search & Destroy,Crusher,Millenium,Nolson,L,2,6,7,-1,0.86,6.9,8.1,3,0,0,0,30,146,0.205,17.9m,NV4,Stryker,Centurion,Trophy Drone,"Trinity Rocket, Scorchers, Bombardment",0,0,0,8,0,0,0,0,0,0,0,0,1,0,0,1,0,0,0,0,0,0,0,0,0,0
B07A5326-E614-11D2-1C28-F8461C09E55D,rel-winners-1-1,2017-06-15 20:29:21 UTC,521,Search & Destroy,Crusher,Millenium,Peatie,L,2,4,5,-1,0.8,4.6,5.8,1,0,0,0,4,75,0.053,8.8m,KBAR-32,Merc,Reactive Armor,Man-at-Arms,"Trinity Rocket, Scorchers, Bombardment",0,0,0,8,0,4,2,0,0,0,0,0,0,0,0,0,0,0,0,0,0,0,0,0,0,0
B07A5326-E614-11D2-1C28-F8461C09E55D,rel-winners-1-1,2017-06-15 20:29:21 UTC,521,Search & Destroy,Crusher,Tainted Minds,Damage,W,6,10,2,8,5,11.5,2.3,2,1,0,0,41,118,0.347,25.7m,NV4,Warfighter,Overdrive,Resupply,"Trinity Rocket, Scorchers, Bombardment",0,0,0,8,0,1,1,0,0,0,0,0,1,1,0,2,0,0,0,1,0,1,2,2,1,1
B07A5326-E614-11D2-1C28-F8461C09E55D,rel-winners-1-1,2017-06-15 20:29:21 UTC,521,Search & Destroy,Crusher,Tainted Minds,Excite,W,6,7,6,1,1.17,8.1,6.9,1,0,0,0,29,113,0.257,16.3m,KBAR-32,Phantom,Active Camo,Rearguard,"Trinity Rocket, Scorchers, Bombardment",0,0,0,8,3,0,0,0,0,0,0,0,1,0,0,1,0,0,0,0,0,0,0,0,1,0
B07A5326-E614-11D2-1C28-F8461C09E55D,rel-winners-1-1,2017-06-15 20:29:21 UTC,521,Search & Destroy,Crusher,Tainted Minds,Nimble,W,6,5,7,-2,0.71,5.8,8.1,1,0,0,0,19,120,0.158,11.6m,KBAR-32,Merc,Reactive Armor,Man-at-Arms,"Trinity Rocket, Scorchers, Bombardment",0,0,0,8,1,4,1,0,0,0,0,0,0,0,0,0,0,0,0,0,0,0,0,0,0,0
B07A5326-E614-11D2-1C28-F8461C09E55D,rel-winners-1-1,2017-06-15 20:29:21 UTC,521,Search & Destroy,Crusher,Tainted Minds,Swifty,W,6,5,4,1,1.25,5.8,4.6,2,0,0,0,29,100,0.29,16.9m,KBAR-32,FTL,FTL Jump,Power Slide,"Trinity Rocket, Scorchers, Bombardment",0,0,0,8,0,0,0,1,1,0,0,0,1,0,0,1,1,0,0,0,0,1,0,0,3,1
1123D2BE-E616-11D2-88AE-F8461C0A376D,rel-winners-1-2,2017-06-15 20:41:31 UTC,689,Search & Destroy,Throwback,BitterSweet,Lacefield,L,3,13,7,6,1.86,11.3,6.1,1,1,0,0,58,222,0.261,17.9m,KBAR-32,Merc,Reactive Armor,Man-at-Arms,"Scarab, Trinity Rocket, Bombardment",0,0,0,9,1,0,0,0,0,0,0,0,1,0,0,1,1,0,0,0,0,1,0,0,3,1
1123D2BE-E616-11D2-88AE-F8461C0A376D,rel-winners-1-2,2017-06-15 20:41:31 UTC,689,Search & Destroy,Throwback,BitterSweet,LlamaGod,L,3,8,8,0,1,7,7,1,1,0,0,30,171,0.175,12.1m,NV4,FTL,FTL Jump,Power Slide,"Scarab, Trinity Rocket, Bombardment",0,0,0,9,1,1,1,0,0,0,0,0,0,0,0,0,0,0,0,0,0,0,0,0,4,1
1123D2BE-E616-11D2-88AE-F8461C0A376D,rel-winners-1-2,2017-06-15 20:41:31 UTC,689,Search & Destroy,Throwback,BitterSweet,Maux,L,3,3,7,-4,0.43,2.6,6.1,1,0,0,0,37,153,0.242,11.8m,NV4,Phantom,Active Camo,Rearguard,"Trinity Rocket, Scorchers, Bombardment",0,0,0,9,1,1,1,0,0,0,0,0,0,0,0,0,0,0,0,0,0,0,0,0,0,0
1123D2BE-E616-11D2-88AE-F8461C0A376D,rel-winners-1-2,2017-06-15 20:41:31 UTC,689,Search & Destroy,Throwback,BitterSweet,SpaceLy,L,3,0,7,-7,0,0,6.1,3,0,0,0,9,89,0.101,0.0m,KBAR-32,Stryker,Centurion,Trophy Drone,"Scarab, Trinity Rocket, Bombardment",0,0,0,9,0,5,0,1,1,0,0,0,0,0,0,0,0,0,0,0,0,0,0,0,0,0
1123D2BE-E616-11D2-88AE-F8461C0A376D,rel-winners-1-2,2017-06-15 20:41:31 UTC,689,Search & Destroy,Throwback,Fnatic,Skrapz,W,6,4,6,-2,0.67,3.5,5.2,4,0,0,0,33,201,0.164,32.4m,NV4,FTL,FTL Jump,Power Slide,"Scarab, Trinity Rocket, Bombardment",0,0,0,9,2,4,1,0,0,0,0,0,0,0,0,0,0,0,0,0,0,0,0,0,0,0
1123D2BE-E616-11D2-88AE-F8461C0A376D,rel-winners-1-2,2017-06-15 20:41:31 UTC,689,Search & Destroy,Throwback,Fnatic,SunnyB,W,6,12,3,9,4,10.4,2.6,3,1,0,0,36,158,0.228,14.3m,KBAR-32,Stryker,Centurion,Trophy Drone,"Scarab, Trinity Rocket, Bombardment",0,0,0,9,0,0,0,1,0,0,0,0,2,0,0,2,0,0,0,0,1,1,3,3,3,1
1123D2BE-E616-11D2-88AE-F8461C0A376D,rel-winners-1-2,2017-06-15 20:41:31 UTC,689,Search & Destroy,Throwback,Fnatic,Tommey,W,6,6,8,-2,0.75,5.2,7,4,1,0,0,31,163,0.19,19.2m,NV4,Phantom,Active Camo,Rearguard,"Scarab, Trinity Rocket, Bombardment",0,0,0,9,0,2,2,0,0,0,0,0,0,0,0,0,0,0,0,0,0,0,1,1,0,0
1123D2BE-E616-11D2-88AE-F8461C0A376D,rel-winners-1-2,2017-06-15 20:41:31 UTC,689,Search & Destroy,Throwback,Fnatic,Wuskin,W,6,7,7,0,1,6.1,6.1,4,3,0,0,44,221,0.199,15.2m,KBAR-32,Merc,Reactive Armor,Man-at-Arms,"Scarab, Trinity Rocket, Bombardment",0,0,0,9,3,0,0,0,0,0,0,0,0,0,0,0,1,0,0,0,0,1,1,0,1,0
CA6FE292-E618-11D2-1C28-F8461C09E55D,rel-winners-1-3,2017-06-15 20:57:33 UTC,451,Hardpoint,Retaliation,eRa,Fastballa,L,93,15,22,-7,0.68,20,29.3,8,3,0,0,63,397,0.159,14.5m,KBAR-32,Phantom,Active Camo,Rearguard,"Scarab, Trinity Rocket, Bombardment",27,3,3,0,0,0,0,0,0,0,0,0,4,0,0,4,0,0,0,0,0,0,0,0,0,0
CA6FE292-E618-11D2-1C28-F8461C09E55D,rel-winners-1-3,2017-06-15 20:57:33 UTC,451,Hardpoint,Retaliation,eRa,Glory,L,93,11,24,-13,0.46,14.6,31.9,3,1,0,0,60,309,0.194,17.8m,KBAR-32,FTL,FTL Jump,Power Slide,"Scarab, Trinity Rocket, Bombardment",21,5,0,0,0,0,0,0,0,0,0,0,0,0,0,0,0,0,0,0,0,0,0,0,1,0
CA6FE292-E618-11D2-1C28-F8461C09E55D,rel-winners-1-3,2017-06-15 20:57:33 UTC,451,Hardpoint,Retaliation,eRa,mosh,L,93,14,18,-4,0.78,18.6,23.9,10,0,0,0,73,363,0.201,18.6m,NV4,Stryker,Centurion,Trophy Drone,"Scarab, Trinity Rocket, Bombardment",29,5,2,0,0,0,0,0,0,0,0,0,0,1,0,1,1,0,0,0,0,1,2,2,0,0
CA6FE292-E618-11D2-1C28-F8461C09E55D,rel-winners-1-3,2017-06-15 20:57:33 UTC,451,Hardpoint,Retaliation,eRa,Profeezy,L,93,13,19,-6,0.68,17.3,25.3,6,0,0,0,68,310,0.219,16.3m,KBAR-32,Merc,Reactive Armor,Man-at-Arms,"Scarab, Trinity Rocket, Bombardment",29,5,1,0,0,0,0,0,0,0,0,0,0,0,0,0,0,0,0,0,0,0,0,0,0,0
CA6FE292-E618-11D2-1C28-F8461C09E55D,rel-winners-1-3,2017-06-15 20:57:33 UTC,451,Hardpoint,Retaliation,Red Reserve,Joee,W,250,23,12,11,1.92,30.6,16,2,2,0,0,94,400,0.235,12.6m,KBAR-32,Stryker,Centurion,Trophy Drone,"Scarab, Trinity Rocket, Bombardment",92,6,5,0,0,0,0,0,0,0,0,0,5,1,0,6,0,0,1,0,0,1,2,2,1,1
CA6FE292-E618-11D2-1C28-F8461C09E55D,rel-winners-1-3,2017-06-15 20:57:33 UTC,451,Hardpoint,Retaliation,Red Reserve,Niall,W,250,23,12,11,1.92,30.6,16,4,1,0,0,100,371,0.27,20.7m,NV4,Merc,Reactive Armor,Man-at-Arms,"Scarab, Trinity Rocket, Bombardment",70,2,8,0,0,0,0,0,0,0,0,0,3,1,0,4,0,0,1,0,0,1,2,2,0,0
CA6FE292-E618-11D2-1C28-F8461C09E55D,rel-winners-1-3,2017-06-15 20:57:33 UTC,451,Hardpoint,Retaliation,Red Reserve,Rated,W,250,21,14,7,1.5,27.9,18.6,7,3,0,0,86,356,0.242,21.8m,NV4,Phantom,Active Camo,Rearguard,"Scarab, Trinity Rocket, Bombardment",79,5,7,0,0,0,0,0,0,0,0,0,4,0,0,4,0,0,1,0,0,1,4,1,1,0
CA6FE292-E618-11D2-1C28-F8461C09E55D,rel-winners-1-3,2017-06-15 20:57:33 UTC,451,Hardpoint,Retaliation,Red Reserve,Urban,W,250,16,15,1,1.07,21.3,20,5,0,0,0,66,356,0.185,13.4m,KBAR-32,FTL,FTL Jump,Power Slide,"Scarab, Trinity Rocket, Bombardment",52,5,2,0,0,0,0,0,0,0,0,0,2,0,0,2,0,0,0,0,0,0,2,2,1,0
AF4BFB7C-E618-11D2-88AE-F8461C0A376D,rel-winners-1-2,2017-06-15 20:59:11 UTC,625,Uplink,Precinct,BitterSweet,Lacefield,W,9,22,25,-3,0.88,21.1,24,4,2,0,0,103,371,0.278,12.7m,KBAR-32,Merc,Reactive Armor,Man-at-Arms,"Scarab, Trinity Rocket, Bombardment",0,0,0,0,0,0,0,0,0,1,2,4,3,1,0,4,1,0,0,0,0,1,0,0,0,0
AF4BFB7C-E618-11D2-88AE-F8461C0A376D,rel-winners-1-2,2017-06-15 20:59:11 UTC,625,Uplink,Precinct,BitterSweet,LlamaGod,W,9,21,26,-5,0.81,20.2,25,3,0,0,0,116,511,0.227,13.1m,Erad,FTL,FTL Jump,Power Slide,"Scarab, Trinity Rocket, Bombardment",0,0,0,0,0,0,0,0,0,2,0,4,1,1,0,2,0,0,0,0,0,0,0,0,1,1
AF4BFB7C-E618-11D2-88AE-F8461C0A376D,rel-winners-1-2,2017-06-15 20:59:11 UTC,625,Uplink,Precinct,BitterSweet,Maux,W,9,28,23,5,1.22,26.9,22.1,11,0,0,1,131,442,0.296,18.1m,NV4,Phantom,Active Camo,Rearguard,"Trinity Rocket, Scorchers, Bombardment",0,0,0,0,0,0,0,0,0,0,1,1,2,1,1,4,3,0,0,0,0,3,0,0,1,1
AF4BFB7C-E618-11D2-88AE-F8461C0A376D,rel-winners-1-2,2017-06-15 20:59:11 UTC,625,Uplink,Precinct,BitterSweet,SpaceLy,W,9,27,22,5,1.23,25.9,21.1,12,1,0,0,144,579,0.249,17.1m,KBAR-32,Warfighter,Overdrive,Resupply,"Scarab, Trinity Rocket, Bombardment",0,0,0,0,0,0,0,0,0,0,0,0,4,0,0,4,1,0,0,0,0,1,0,0,1,1
AF4BFB7C-E618-11D2-88AE-F8461C0A376D,rel-winners-1-2,2017-06-15 20:59:11 UTC,625,Uplink,Precinct,Fnatic,Skrapz,L,2,29,24,5,1.21,27.8,23,10,0,0,0,143,628,0.228,17.2m,KBAR-32,Warfighter,Overdrive,Resupply,"Scarab, Trinity Rocket, Bombardment",0,0,0,0,0,0,0,0,0,0,0,0,5,0,0,5,2,1,0,0,0,3,2,0,1,1
AF4BFB7C-E618-11D2-88AE-F8461C0A376D,rel-winners-1-2,2017-06-15 20:59:11 UTC,625,Uplink,Precinct,Fnatic,SunnyB,L,2,26,25,1,1.04,25,24,4,3,0,0,116,542,0.214,13.4m,Erad,Stryker,Centurion,Trophy Drone,"Scarab, Trinity Rocket, Bombardment",0,0,0,0,0,0,0,0,0,0,0,0,4,0,0,4,0,0,0,0,0,0,0,0,0,0
AF4BFB7C-E618-11D2-88AE-F8461C0A376D,rel-winners-1-2,2017-06-15 20:59:11 UTC,625,Uplink,Precinct,Fnatic,Tommey,L,2,19,26,-7,0.73,18.2,25,10,1,0,0,115,425,0.271,19.7m,NV4,Phantom,Active Camo,Rearguard,"Scarab, Trinity Rocket, Bombardment",0,0,0,0,0,0,0,0,0,1,0,2,3,0,0,3,0,0,0,0,0,0,0,0,0,0
AF4BFB7C-E618-11D2-88AE-F8461C0A376D,rel-winners-1-2,2017-06-15 20:59:11 UTC,625,Uplink,Precinct,Fnatic,Wuskin,L,2,22,23,-1,0.96,21.1,22.1,12,0,0,1,122,616,0.198,15.4m,NV4,Merc,Reactive Armor,Man-at-Arms,"Scarab, Trinity Rocket, Bombardment",0,0,0,0,0,0,0,0,0,0,0,0,1,0,0,1,0,0,0,0,0,0,0,0,0,0
917362DC-E61A-11D2-1C28-F8461C09E55D,rel-winners-1-3,2017-06-15 21:09:54 UTC,457,Search & Destroy,Throwback,eRa,Fastballa,L,1,1,6,-5,0.17,1.3,7.9,0,0,0,0,9,79,0.114,10.5m,FHR-40,Phantom,Active Camo,Rearguard,"Scarab, Trinity Rocket, Bombardment",0,0,0,7,0,0,0,0,0,0,0,0,0,0,0,0,0,0,0,0,0,0,0,0,0,0
917362DC-E61A-11D2-1C28-F8461C09E55D,rel-winners-1-3,2017-06-15 21:09:54 UTC,457,Search & Destroy,Throwback,eRa,Glory,L,1,5,5,0,1,6.6,6.6,3,0,0,0,35,140,0.25,21.4m,NV4,FTL,FTL Jump,Power Slide,"Scarab, Trinity Rocket, Bombardment",0,0,0,7,0,0,0,0,0,0,0,0,0,0,0,0,0,0,0,0,0,0,0,0,1,1
917362DC-E61A-11D2-1C28-F8461C09E55D,rel-winners-1-3,2017-06-15 21:09:54 UTC,457,Search & Destroy,Throwback,eRa,mosh,L,1,4,6,-2,0.67,5.3,7.9,1,1,0,0,30,138,0.217,22.6m,NV4,Stryker,Centurion,Trophy Drone,"Scarab, Trinity Rocket, Bombardment",0,0,0,7,2,0,0,0,0,0,0,0,1,0,0,1,0,0,0,0,0,0,0,0,0,0
917362DC-E61A-11D2-1C28-F8461C09E55D,rel-winners-1-3,2017-06-15 21:09:54 UTC,457,Search & Destroy,Throwback,eRa,Profeezy,L,1,6,6,0,1,7.9,7.9,0,0,0,0,17,105,0.162,22.1m,KBAR-32,Merc,Reactive Armor,Man-at-Arms,"Scarab, Trinity Rocket, Bombardment",0,0,0,7,1,4,3,0,0,0,0,0,0,0,0,0,0,0,0,0,0,0,0,0,0,0
917362DC-E61A-11D2-1C28-F8461C09E55D,rel-winners-1-3,2017-06-15 21:09:54 UTC,457,Search & Destroy,Throwback,Red Reserve,Joee,W,6,7,3,4,2.33,9.2,3.9,0,0,0,0,30,116,0.259,12.3m,KBAR-32,Stryker,Centurion,Trophy Drone,"Scarab, Trinity Rocket, Bombardment",0,0,0,7,0,0,0,0,0,0,0,0,1,0,0,1,1,0,0,0,0,1,0,0,0,0
917362DC-E61A-11D2-1C28-F8461C09E55D,rel-winners-1-3,2017-06-15 21:09:54 UTC,457,Search & Destroy,Throwback,Red Reserve,Niall,W,6,2,6,-4,0.33,2.6,7.9,2,1,1,1,27,137,0.197,20.9m,NV4,Merc,Reactive Armor,Man-at-Arms,"Scarab, Trinity Rocket, Bombardment",0,0,0,7,1,0,0,0,0,0,0,0,0,0,0,0,0,0,0,0,0,0,0,0,0,0
917362DC-E61A-11D2-1C28-F8461C09E55D,rel-winners-1-3,2017-06-15 21:09:54 UTC,457,Search & Destroy,Throwback,Red Reserve,Rated,W,6,9,3,6,3,11.8,3.9,1,1,0,0,44,150,0.293,17.7m,KBAR-32,Phantom,Active Camo,Rearguard,"Scarab, Trinity Rocket, Bombardment",0,0,0,7,2,3,3,1,1,0,0,0,0,0,0,0,0,0,0,1,0,1,3,1,2,1
917362DC-E61A-11D2-1C28-F8461C09E55D,rel-winners-1-3,2017-06-15 21:09:54 UTC,457,Search & Destroy,Throwback,Red Reserve,Urban,W,6,5,5,0,1,6.6,6.6,0,0,0,0,21,74,0.284,13.8m,KBAR-32,FTL,FTL Jump,Power Slide,"Scarab, Trinity Rocket, Bombardment",0,0,0,7,0,0,0,1,0,0,0,0,0,0,0,0,0,0,0,0,0,0,0,0,2,1
B9947F1C-E61A-11D2-88AE-F8461C0A376D,rel-winners-1-2,2017-06-15 21:13:25 UTC,603,Hardpoint,Throwback,BitterSweet,Lacefield,W,250,25,26,-1,0.96,24.9,25.9,8,2,0,0,115,554,0.208,14.5m,Erad,Merc,Reactive Armor,Man-at-Arms,"Scarab, Trinity Rocket, Bombardment",55,5,2,0,0,0,0,0,0,0,0,0,2,0,1,3,0,1,0,0,0,1,1,1,1,1
B9947F1C-E61A-11D2-88AE-F8461C0A376D,rel-winners-1-2,2017-06-15 21:13:25 UTC,603,Hardpoint,Throwback,BitterSweet,LlamaGod,W,250,36,21,15,1.71,35.8,20.9,13,3,0,1,167,818,0.204,14.9m,Erad,FTL,FTL Jump,Power Slide,"Scarab, Trinity Rocket, Bombardment",97,6,2,0,0,0,0,0,0,0,0,0,4,3,0,7,0,1,0,0,0,1,2,1,1,1
B9947F1C-E61A-11D2-88AE-F8461C0A376D,rel-winners-1-2,2017-06-15 21:13:25 UTC,603,Hardpoint,Throwback,BitterSweet,Maux,W,250,34,21,13,1.62,33.8,20.9,14,4,0,0,161,610,0.264,21.4m,NV4,Phantom,Active Camo,Rearguard,"Trinity Rocket, Scorchers, Bombardment",47,5,6,0,0,0,0,0,0,0,0,0,4,2,0,6,1,0,1,0,0,2,0,0,1,1
B9947F1C-E61A-11D2-88AE-F8461C0A376D,rel-winners-1-2,2017-06-15 21:13:25 UTC,603,Hardpoint,Throwback,BitterSweet,SpaceLy,W,250,26,23,3,1.13,25.9,22.9,11,1,0,0,138,575,0.24,13.9m,KBAR-32,Stryker,Centurion,Trophy Drone,"Scarab, Trinity Rocket, Bombardment",97,6,6,0,0,0,0,0,0,0,0,0,2,1,0,3,0,0,0,0,0,0,1,0,1,1
B9947F1C-E61A-11D2-88AE-F8461C0A376D,rel-winners-1-2,2017-06-15 21:13:25 UTC,603,Hardpoint,Throwback,Fnatic,Skrapz,L,132,25,29,-4,0.86,24.9,28.9,8,5,0,1,116,547,0.212,15.5m,KBAR-32,FTL,FTL Jump,Power Slide,"Scarab, Trinity Rocket, Bombardment",66,7,5,0,0,0,0,0,0,0,0,0,3,0,0,3,1,0,0,0,0,1,2,1,1,1
B9947F1C-E61A-11D2-88AE-F8461C0A376D,rel-winners-1-2,2017-06-15 21:13:25 UTC,603,Hardpoint,Throwback,Fnatic,SunnyB,L,132,27,26,1,1.04,26.9,25.9,5,1,0,0,128,611,0.209,10.4m,Erad,Stryker,Centurion,Trophy Drone,"Scarab, Trinity Rocket, Bombardment",27,5,1,0,0,0,0,0,0,0,0,0,2,0,0,2,1,0,0,0,0,1,1,1,1,1
B9947F1C-E61A-11D2-88AE-F8461C0A376D,rel-winners-1-2,2017-06-15 21:13:25 UTC,603,Hardpoint,Throwback,Fnatic,Tommey,L,132,17,34,-17,0.5,16.9,33.8,8,2,0,0,104,549,0.189,16.3m,KBAR-32,Phantom,Active Camo,Rearguard,"Scarab, Trinity Rocket, Bombardment",27,6,2,0,0,0,0,0,0,0,0,0,0,0,0,0,0,0,0,0,0,0,0,0,1,1
B9947F1C-E61A-11D2-88AE-F8461C0A376D,rel-winners-1-2,2017-06-15 21:13:25 UTC,603,Hardpoint,Throwback,Fnatic,Wuskin,L,132,22,32,-10,0.69,21.9,31.8,11,2,0,0,126,667,0.189,22.0m,NV4,Merc,Reactive Armor,Man-at-Arms,"Scarab, Trinity Rocket, Bombardment",19,4,0,0,0,0,0,0,0,0,0,0,5,0,0,5,0,0,0,0,0,0,0,0,1,1
2EE4A9BC-E61C-11D2-1C28-F8461C09E55D,rel-winners-1-3,2017-06-15 21:24:15 UTC,626,Uplink,Precinct,eRa,Fastballa,L,4,20,27,-7,0.74,19.2,25.9,10,0,0,0,89,589,0.151,11.7m,FHR-40,Phantom,Active Camo,Rearguard,"Scarab, Trinity Rocket, Bombardment",0,0,0,0,0,0,0,0,0,1,1,3,2,0,0,2,0,0,0,0,0,0,0,0,1,0
2EE4A9BC-E61C-11D2-1C28-F8461C09E55D,rel-winners-1-3,2017-06-15 21:24:15 UTC,626,Uplink,Precinct,eRa,Glory,L,4,27,26,1,1.04,25.9,24.9,15,1,0,0,145,569,0.255,17.4m,KBAR-32,FTL,FTL Jump,Power Slide,"Scarab, Trinity Rocket, Bombardment",0,0,0,0,0,0,0,0,0,0,0,0,7,0,0,7,2,0,0,0,0,2,1,0,2,1
2EE4A9BC-E61C-11D2-1C28-F8461C09E55D,rel-winners-1-3,2017-06-15 21:24:15 UTC,626,Uplink,Precinct,eRa,mosh,L,4,21,23,-2,0.91,20.1,22,9,3,0,0,96,476,0.202,22.3m,NV4,Warfighter,Overdrive,Resupply,"Scarab, Trinity Rocket, Bombardment",0,0,0,0,0,0,0,0,0,0,1,1,1,2,0,3,0,0,0,0,0,0,0,0,1,1
2EE4A9BC-E61C-11D2-1C28-F8461C09E55D,rel-winners-1-3,2017-06-15 21:24:15 UTC,626,Uplink,Precinct,eRa,Profeezy,L,4,27,25,2,1.08,25.9,24,8,3,0,0,144,567,0.254,17.2m,KBAR-32,Merc,Reactive Armor,Man-at-Arms,"Scarab, Trinity Rocket, Bombardment",0,0,0,0,0,0,0,0,0,0,0,0,3,1,0,4,0,0,0,0,0,0,0,0,1,1
2EE4A9BC-E61C-11D2-1C28-F8461C09E55D,rel-winners-1-3,2017-06-15 21:24:15 UTC,626,Uplink,Precinct,Red Reserve,Joee,W,9,23,26,-3,0.88,22,24.9,11,2,0,0,121,412,0.294,11.6m,Erad,Warfighter,Overdrive,Resupply,"Scarab, Trinity Rocket, Bombardment",0,0,0,0,0,0,0,0,0,1,1,3,3,0,0,3,0,0,0,0,0,0,0,0,1,1
2EE4A9BC-E61C-11D2-1C28-F8461C09E55D,rel-winners-1-3,2017-06-15 21:24:15 UTC,626,Uplink,Precinct,Red Reserve,Niall,W,9,24,25,-1,0.96,23,24,12,2,0,0,142,477,0.298,18.0m,KBAR-32,Merc,Reactive Armor,Man-at-Arms,"Scarab, Trinity Rocket, Bombardment",0,0,0,0,0,0,0,0,0,0,0,0,6,0,0,6,0,0,0,0,0,0,0,0,0,0
2EE4A9BC-E61C-11D2-1C28-F8461C09E55D,rel-winners-1-3,2017-06-15 21:24:15 UTC,626,Uplink,Precinct,Red Reserve,Rated,W,9,23,19,4,1.21,22,18.2,7,1,0,0,123,463,0.266,22.0m,NV4,Phantom,Active Camo,Rearguard,"Scarab, Trinity Rocket, Bombardment",0,0,0,0,0,0,0,0,0,1,2,4,5,0,0,5,0,1,0,0,0,1,1,1,1,1
2EE4A9BC-E61C-11D2-1C28-F8461C09E55D,rel-winners-1-3,2017-06-15 21:24:15 UTC,626,Uplink,Precinct,Red Reserve,Urban,W,9,31,25,6,1.24,29.7,24,6,2,0,0,149,664,0.224,15.6m,KBAR-32,FTL,FTL Jump,Power Slide,"Scarab, Trinity Rocket, Bombardment",0,0,0,0,0,0,0,0,0,1,0,2,7,1,0,8,1,0,0,0,0,1,1,0,2,1
5281C9A8-E61D-11D2-88AE-F8461C0A376D,rel-winners-1-2,2017-06-15 21:33:01 UTC,663,Search & Destroy,Crusher,BitterSweet,Lacefield,L,3,3,9,-6,0.33,2.7,8.1,2,2,0,0,28,105,0.267,10.6m,Erad,Merc,Reactive Armor,Man-at-Arms,"Scarab, Trinity Rocket, Bombardment",0,0,0,9,1,1,0,0,0,0,0,0,0,0,0,0,0,0,0,0,0,0,0,0,0,0
5281C9A8-E61D-11D2-88AE-F8461C0A376D,rel-winners-1-2,2017-06-15 21:33:01 UTC,663,Search & Destroy,Crusher,BitterSweet,LlamaGod,L,3,4,9,-5,0.44,3.6,8.1,1,0,0,0,32,202,0.158,10.3m,NV4,FTL,FTL Jump,Power Slide,"Scarab, Trinity Rocket, Bombardment",0,0,0,9,0,2,1,0,0,0,0,0,0,0,0,0,0,0,0,0,0,0,0,0,1,1
5281C9A8-E61D-11D2-88AE-F8461C0A376D,rel-winners-1-2,2017-06-15 21:33:01 UTC,663,Search & Destroy,Crusher,BitterSweet,Maux,L,3,9,6,3,1.5,8.1,5.4,1,0,0,0,51,172,0.297,14.1m,NV4,Phantom,Active Camo,Rearguard,"Trinity Rocket, Scorchers, Bombardment",0,0,0,9,0,1,0,1,0,0,0,0,2,0,0,2,1,0,0,0,0,1,0,0,2,1
5281C9A8-E61D-11D2-88AE-F8461C0A376D,rel-winners-1-2,2017-06-15 21:33:01 UTC,663,Search & Destroy,Crusher,BitterSweet,SpaceLy,L,3,6,6,0,1,5.4,5.4,1,0,0,0,24,150,0.16,9.5m,KBAR-32,Stryker,Centurion,Trophy Drone,"Scarab, Trinity Rocket, Bombardment",0,0,0,9,1,0,0,0,0,0,0,0,0,0,0,0,0,0,0,0,0,0,0,0,0,0
5281C9A8-E61D-11D2-88AE-F8461C0A376D,rel-winners-1-2,2017-06-15 21:33:01 UTC,663,Search & Destroy,Crusher,Fnatic,Skrapz,W,6,4,6,-2,0.67,3.6,5.4,3,0,0,0,29,145,0.2,17.3m,Erad,FTL,FTL Jump,Power Slide,"Scarab, Trinity Rocket, Bombardment",0,0,0,9,1,0,0,0,0,0,0,0,1,0,0,1,0,0,0,0,0,0,0,0,5,0
5281C9A8-E61D-11D2-88AE-F8461C0A376D,rel-winners-1-2,2017-06-15 21:33:01 UTC,663,Search & Destroy,Crusher,Fnatic,SunnyB,W,6,9,4,5,2.25,8.1,3.6,5,1,0,0,31,159,0.195,13.8m,Erad,Stryker,Centurion,Trophy Drone,"Scarab, Trinity Rocket, Bombardment",0,0,0,9,1,4,3,0,0,0,0,0,2,0,0,2,2,0,0,0,0,2,3,2,2,1
5281C9A8-E61D-11D2-88AE-F8461C0A376D,rel-winners-1-2,2017-06-15 21:33:01 UTC,663,Search & Destroy,Crusher,Fnatic,Tommey,W,6,8,6,2,1.33,7.2,5.4,2,0,0,0,48,257,0.187,17.5m,NV4,Phantom,Active Camo,Rearguard,"Scarab, Trinity Rocket, Bombardment",0,0,0,9,2,1,1,0,0,0,0,0,1,0,0,1,1,0,0,0,0,1,1,0,1,1
5281C9A8-E61D-11D2-88AE-F8461C0A376D,rel-winners-1-2,2017-06-15 21:33:01 UTC,663,Search & Destroy,Crusher,Fnatic,Wuskin,W,6,8,6,2,1.33,7.2,5.4,3,0,0,0,49,223,0.22,10.8m,KBAR-32,Merc,Reactive Armor,Man-at-Arms,"Scarab, Trinity Rocket, Bombardment",0,0,0,9,3,0,0,0,0,0,0,0,0,0,0,0,1,0,0,0,0,1,0,0,1,0
1F2E41A4-E621-11D2-88AE-F8461C0A376D,rel-winners-2-0,2017-06-15 21:57:37 UTC,508,Hardpoint,Breakout,Cloud9,Aches,L,123,14,24,-10,0.58,16.5,28.3,7,1,0,0,89,496,0.179,11.5m,KBAR-32,Stryker,Centurion,Trophy Drone,"Trinity Rocket, Scorchers, Bombardment",12,1,0,0,0,0,0,0,0,0,0,0,1,0,0,1,0,0,0,0,0,0,0,0,0,0
1F2E41A4-E621-11D2-88AE-F8461C0A376D,rel-winners-2-0,2017-06-15 21:57:37 UTC,508,Hardpoint,Breakout,Cloud9,Assault,L,123,15,19,-4,0.79,17.7,22.4,2,3,0,1,74,281,0.263,20.0m,NV4,Phantom,Active Camo,Rearguard,"Trinity Rocket, Scorchers, Bombardment",5,1,0,0,0,0,0,0,0,0,0,0,2,0,0,2,0,0,0,0,0,0,0,0,0,0
1F2E41A4-E621-11D2-88AE-F8461C0A376D,rel-winners-2-0,2017-06-15 21:57:37 UTC,508,Hardpoint,Breakout,Cloud9,Priestah,L,123,24,18,6,1.33,28.3,21.3,1,0,0,0,96,339,0.283,11.3m,KBAR-32,Merc,Reactive Armor,Man-at-Arms,"Trinity Rocket, Scorchers, Bombardment",40,7,3,0,0,0,0,0,0,0,0,0,2,0,1,3,2,0,0,0,0,2,0,0,1,1
1F2E41A4-E621-11D2-88AE-F8461C0A376D,rel-winners-2-0,2017-06-15 21:57:37 UTC,508,Hardpoint,Breakout,Cloud9,Xotic,L,123,10,17,-7,0.59,11.8,20.1,4,1,0,0,59,299,0.197,22.9m,KBAR-32,FTL,FTL Jump,Power Slide,"Trinity Rocket, Scorchers, Bombardment",75,2,2,0,0,0,0,0,0,0,0,0,0,0,0,0,0,1,0,0,0,1,1,1,0,0
1F2E41A4-E621-11D2-88AE-F8461C0A376D,rel-winners-2-0,2017-06-15 21:57:37 UTC,508,Hardpoint,Breakout,Tainted Minds,Damage,W,250,16,16,0,1,18.9,18.9,5,1,0,0,66,335,0.197,18.8m,NV4,Stryker,Centurion,Trophy Drone,"Trinity Rocket, Scorchers, Bombardment",74,4,3,0,0,0,0,0,0,0,0,0,1,0,0,1,0,0,0,0,0,0,0,0,0,0
1F2E41A4-E621-11D2-88AE-F8461C0A376D,rel-winners-2-0,2017-06-15 21:57:37 UTC,508,Hardpoint,Breakout,Tainted Minds,Excite,W,250,27,13,14,2.08,31.9,15.4,7,1,0,0,130,465,0.28,15.7m,KBAR-32,Phantom,Active Camo,Rearguard,"Trinity Rocket, Scorchers, Bombardment",118,4,6,0,0,0,0,0,0,0,0,0,3,0,0,3,2,0,1,0,0,3,3,3,1,0
1F2E41A4-E621-11D2-88AE-F8461C0A376D,rel-winners-2-0,2017-06-15 21:57:37 UTC,508,Hardpoint,Breakout,Tainted Minds,Nimble,W,250,17,17,0,1,20.1,20.1,5,2,0,0,80,406,0.197,25.0m,KBAR-32,Merc,Reactive Armor,Man-at-Arms,"Trinity Rocket, Scorchers, Bombardment",42,2,2,0,0,0,0,0,0,0,0,0,4,0,0,4,0,0,0,1,0,1,3,2,0,0
1F2E41A4-E621-11D2-88AE-F8461C0A376D,rel-winners-2-0,2017-06-15 21:57:37 UTC,508,Hardpoint,Breakout,Tainted Minds,Swifty,W,250,18,17,1,1.06,21.3,20.1,5,3,0,0,85,390,0.218,11.3m,KBAR-32,FTL,FTL Jump,Power Slide,"Trinity Rocket, Scorchers, Bombardment",54,3,3,0,0,0,0,0,0,0,0,0,1,1,0,2,0,0,0,0,0,0,0,0,1,1
92B48430-E621-11D2-1C28-F8461C09E55D,rel-losers-1-0,2017-06-15 22:04:02 UTC,668,Hardpoint,Breakout,Millenium,MarkyB,L,228,25,19,6,1.32,22.5,17.1,5,1,0,0,108,427,0.253,19.2m,NV4,FTL,FTL Jump,Power Slide,"Scarab, Trinity Rocket, Bombardment",56,3,2,0,0,0,0,0,0,0,0,0,2,0,0,2,0,1,0,0,0,1,2,2,2,2
92B48430-E621-11D2-1C28-F8461C09E55D,rel-losers-1-0,2017-06-15 22:04:02 UTC,668,Hardpoint,Breakout,Millenium,Moose,L,228,18,16,2,1.12,16.2,14.4,9,1,0,1,97,428,0.227,14.3m,KBAR-32,Phantom,Active Camo,Rearguard,"Scarab, Trinity Rocket, Bombardment",49,9,2,0,0,0,0,0,0,0,0,0,2,0,0,2,2,0,0,0,0,2,2,2,1,1
92B48430-E621-11D2-1C28-F8461C09E55D,rel-losers-1-0,2017-06-15 22:04:02 UTC,668,Hardpoint,Breakout,Millenium,Nolson,L,228,19,21,-2,0.9,17.1,18.9,11,2,0,0,97,371,0.261,21.3m,NV4,Stryker,Centurion,Trophy Drone,"Scarab, Trinity Rocket, Bombardment",108,1,3,0,0,0,0,0,0,0,0,0,5,0,0,5,0,0,0,1,0,1,3,3,0,0
92B48430-E621-11D2-1C28-F8461C09E55D,rel-losers-1-0,2017-06-15 22:04:02 UTC,668,Hardpoint,Breakout,Millenium,Peatie,L,228,24,22,2,1.09,21.6,19.8,4,2,0,0,35,449,0.078,11.2m,Erad,Merc,Reactive Armor,Man-at-Arms,"Scarab, Trinity Rocket, Bombardment",61,3,7,0,0,0,0,0,0,0,0,0,3,1,0,4,1,1,0,0,0,2,3,3,1,1
92B48430-E621-11D2-1C28-F8461C09E55D,rel-losers-1-0,2017-06-15 22:04:02 UTC,668,Hardpoint,Breakout,Supremacy,Eazy,W,250,29,20,9,1.45,26,18,8,1,0,0,119,552,0.216,18.0m,KBAR-32,Phantom,Active Camo,Rearguard,"Scarab, Trinity Rocket, Bombardment",90,5,2,0,0,0,0,0,0,0,0,0,1,2,0,3,2,1,0,0,0,3,3,3,1,1
92B48430-E621-11D2-1C28-F8461C09E55D,rel-losers-1-0,2017-06-15 22:04:02 UTC,668,Hardpoint,Breakout,Supremacy,Malls,W,250,19,20,-1,0.95,17.1,18,6,2,0,0,115,604,0.19,14.1m,NV4,Stryker,Centurion,Trophy Drone,"Scarab, Trinity Rocket, Bombardment",77,3,2,0,0,0,0,0,0,0,0,0,1,0,0,1,1,0,0,0,0,1,2,0,0,0
92B48430-E621-11D2-1C28-F8461C09E55D,rel-losers-1-0,2017-06-15 22:04:02 UTC,668,Hardpoint,Breakout,Supremacy,SyVortex,W,250,17,24,-7,0.71,15.3,21.6,4,0,0,0,82,365,0.225,13.4m,KBAR-32,FTL,FTL Jump,Power Slide,"Scarab, Trinity Rocket, Bombardment",85,5,6,0,0,0,0,0,0,0,0,0,1,1,0,2,0,0,0,1,0,1,3,1,1,1
92B48430-E621-11D2-1C28-F8461C09E55D,rel-losers-1-0,2017-06-15 22:04:02 UTC,668,Hardpoint,Breakout,Supremacy,TonyJs,W,250,13,22,-9,0.59,11.7,19.8,6,3,0,0,69,273,0.253,21.4m,NV4,Merc,Reactive Armor,Man-at-Arms,"Scarab, Trinity Rocket, Bombardment",62,5,1,0,0,0,0,0,0,0,0,0,1,0,0,1,0,0,0,0,0,0,0,0,0,0
F56D9EBC-E622-11D2-88AE-F8461C0A376D,rel-winners-2-0,2017-06-15 22:13:49 UTC,690,Search & Destroy,Retaliation,Cloud9,Aches,W,6,5,8,-3,0.62,4.3,7,4,0,0,0,32,172,0.186,20.4m,NV4,Stryker,Centurion,Trophy Drone,"Trinity Rocket, Scorchers, Bombardment",0,0,0,9,3,0,0,0,0,0,0,0,1,0,0,1,0,0,0,0,0,0,0,0,0,0
F56D9EBC-E622-11D2-88AE-F8461C0A376D,rel-winners-2-0,2017-06-15 22:13:49 UTC,690,Search & Destroy,Retaliation,Cloud9,Assault,W,6,6,6,0,1,5.2,5.2,3,0,0,0,28,129,0.217,20.4m,NV4,Phantom,Active Camo,Rearguard,"Trinity Rocket, Scorchers, Bombardment",0,0,0,9,1,1,1,1,0,0,0,0,0,0,0,0,0,0,0,0,0,0,0,0,0,0
F56D9EBC-E622-11D2-88AE-F8461C0A376D,rel-winners-2-0,2017-06-15 22:13:49 UTC,690,Search & Destroy,Retaliation,Cloud9,Priestah,W,6,11,4,7,2.75,9.6,3.5,1,1,0,0,36,120,0.3,18.2m,Erad,Merc,Reactive Armor,Man-at-Arms,"Trinity Rocket, Scorchers, Bombardment",0,0,0,9,1,2,2,0,0,0,0,0,1,0,0,1,0,0,0,1,0,1,3,3,3,1
F56D9EBC-E622-11D2-88AE-F8461C0A376D,rel-winners-2-0,2017-06-15 22:13:49 UTC,690,Search & Destroy,Retaliation,Cloud9,Xotic,W,6,7,6,1,1.17,6.1,5.2,3,0,0,0,36,158,0.228,12.1m,KBAR-32,FTL,FTL Jump,Power Slide,"Trinity Rocket, Scorchers, Bombardment",0,0,0,9,0,2,1,0,0,0,0,0,0,0,0,0,1,0,0,0,0,1,0,0,3,0
F56D9EBC-E622-11D2-88AE-F8461C0A376D,rel-winners-2-0,2017-06-15 22:13:49 UTC,690,Search & Destroy,Retaliation,Tainted Minds,Damage,L,3,8,8,0,1,7,7,3,1,1,1,23,130,0.177,22.3m,NV4,Warfighter,Overdrive,Resupply,"Trinity Rocket, Scorchers, Bombardment",0,0,0,9,1,0,0,0,0,0,0,0,0,0,0,0,0,0,0,0,0,0,0,0,2,1
F56D9EBC-E622-11D2-88AE-F8461C0A376D,rel-winners-2-0,2017-06-15 22:13:49 UTC,690,Search & Destroy,Retaliation,Tainted Minds,Excite,L,3,6,8,-2,0.75,5.2,7,2,1,0,0,27,132,0.205,16.5m,KBAR-32,Phantom,Active Camo,Rearguard,"Trinity Rocket, Scorchers, Bombardment",0,0,0,9,2,0,0,0,0,0,0,0,1,0,0,1,0,0,0,0,0,0,0,0,0,0
F56D9EBC-E622-11D2-88AE-F8461C0A376D,rel-winners-2-0,2017-06-15 22:13:49 UTC,690,Search & Destroy,Retaliation,Tainted Minds,Nimble,L,3,7,7,0,1,6.1,6.1,1,0,0,0,39,147,0.265,13.3m,KBAR-32,Merc,Reactive Armor,Man-at-Arms,"Trinity Rocket, Scorchers, Bombardment",0,0,0,9,0,4,1,0,0,0,0,0,0,0,0,0,0,0,0,0,0,0,0,0,0,0
F56D9EBC-E622-11D2-88AE-F8461C0A376D,rel-winners-2-0,2017-06-15 22:13:49 UTC,690,Search & Destroy,Retaliation,Tainted Minds,Swifty,L,3,3,7,-4,0.43,2.6,6.1,1,0,0,0,18,84,0.214,10.8m,KBAR-32,FTL,FTL Jump,Power Slide,"Trinity Rocket, Scorchers, Bombardment",0,0,0,9,1,1,1,0,0,0,0,0,0,0,0,0,0,0,0,0,0,0,0,0,0,0
D4A7AD2A-E623-11D2-1C28-F8461C09E55D,rel-losers-1-0,2017-06-15 22:20:05 UTC,661,Search & Destroy,Retaliation,Millenium,MarkyB,L,3,3,8,-5,0.38,2.7,7.3,1,1,0,0,21,130,0.162,25.5m,NV4,FTL,FTL Jump,Power Slide,"Scarab, Trinity Rocket, Bombardment",0,0,0,9,2,0,0,0,0,0,0,0,1,0,0,1,0,0,0,0,0,0,0,0,0,0
D4A7AD2A-E623-11D2-1C28-F8461C09E55D,rel-losers-1-0,2017-06-15 22:20:05 UTC,661,Search & Destroy,Retaliation,Millenium,Moose,L,3,10,8,2,1.25,9.1,7.3,4,0,0,0,42,199,0.211,12.1m,Erad,Phantom,Active Camo,Rearguard,"Scarab, Trinity Rocket, Bombardment",0,0,0,9,3,0,0,1,0,0,0,0,1,0,0,1,0,0,0,0,0,0,0,0,3,1
D4A7AD2A-E623-11D2-1C28-F8461C09E55D,rel-losers-1-0,2017-06-15 22:20:05 UTC,661,Search & Destroy,Retaliation,Millenium,Nolson,L,3,5,7,-2,0.71,4.5,6.4,0,0,0,0,29,143,0.203,14.0m,NV4,Stryker,Centurion,Trophy Drone,"Scarab, Trinity Rocket, Bombardment",0,0,0,9,0,1,0,0,0,0,0,0,1,0,0,1,0,0,0,0,0,0,0,0,0,0
D4A7AD2A-E623-11D2-1C28-F8461C09E55D,rel-losers-1-0,2017-06-15 22:20:05 UTC,661,Search & Destroy,Retaliation,Millenium,Peatie,L,3,4,8,-4,0.5,3.6,7.3,1,0,0,0,5,117,0.043,11.2m,KBAR-32,Merc,Reactive Armor,Man-at-Arms,"Scarab, Trinity Rocket, Bombardment",0,0,0,9,0,5,3,0,0,0,0,0,1,0,0,1,0,0,0,0,0,0,1,1,0,0
D4A7AD2A-E623-11D2-1C28-F8461C09E55D,rel-losers-1-0,2017-06-15 22:20:05 UTC,661,Search & Destroy,Retaliation,Supremacy,Eazy,W,6,8,4,4,2,7.3,3.6,2,2,0,0,31,172,0.18,13.0m,Erad,Phantom,Active Camo,Rearguard,"Scarab, Trinity Rocket, Bombardment",0,0,0,9,1,0,0,1,0,0,0,0,1,0,0,1,0,0,0,0,0,0,1,1,1,1
D4A7AD2A-E623-11D2-1C28-F8461C09E55D,rel-losers-1-0,2017-06-15 22:20:05 UTC,661,Search & Destroy,Retaliation,Supremacy,Malls,W,6,8,5,3,1.6,7.3,4.5,1,1,0,0,35,176,0.199,18.6m,KBAR-32,Stryker,Centurion,Trophy Drone,"Scarab, Trinity Rocket, Bombardment",0,0,0,9,0,0,0,0,0,0,0,0,1,0,0,1,0,0,0,0,0,0,0,0,2,1
D4A7AD2A-E623-11D2-1C28-F8461C09E55D,rel-losers-1-0,2017-06-15 22:20:05 UTC,661,Search & Destroy,Retaliation,Supremacy,SyVortex,W,6,12,7,5,1.71,10.9,6.4,3,2,0,0,61,291,0.21,11.4m,KBAR-32,FTL,FTL Jump,Power Slide,"Scarab, Trinity Rocket, Bombardment",0,0,0,9,3,2,1,0,0,0,0,0,1,0,0,1,1,0,0,0,0,1,1,1,6,1
D4A7AD2A-E623-11D2-1C28-F8461C09E55D,rel-losers-1-0,2017-06-15 22:20:05 UTC,661,Search & Destroy,Retaliation,Supremacy,TonyJs,W,6,3,6,-3,0.5,2.7,5.4,1,0,0,0,10,102,0.098,15.7m,NV4,Merc,Reactive Armor,Man-at-Arms,"Scarab, Trinity Rocket, Bombardment",0,0,0,9,0,2,1,1,0,0,0,0,0,0,0,0,0,0,0,0,0,0,0,0,0,0
B327F068-E625-11D2-88AE-F8461C0A376D,rel-winners-2-0,2017-06-15 22:32:22 UTC,626,Uplink,Throwback,Cloud9,Aches,W,7,28,25,3,1.12,26.8,24,8,6,0,0,148,650,0.228,16.0m,KBAR-32,Stryker,Centurion,Trophy Drone,"Trinity Rocket, Scorchers, Bombardment",0,0,0,0,0,0,0,0,0,0,0,0,1,2,0,3,0,0,0,0,0,0,0,0,1,0
B327F068-E625-11D2-88AE-F8461C0A376D,rel-winners-2-0,2017-06-15 22:32:22 UTC,626,Uplink,Throwback,Cloud9,Assault,W,7,23,24,-1,0.96,22,23,2,3,0,0,85,356,0.239,23.3m,NV4,Phantom,Active Camo,Rearguard,"Trinity Rocket, Scorchers, Bombardment",0,0,0,0,0,0,0,0,0,1,1,3,2,2,0,4,0,0,1,0,0,1,2,1,1,0
B327F068-E625-11D2-88AE-F8461C0A376D,rel-winners-2-0,2017-06-15 22:32:22 UTC,626,Uplink,Throwback,Cloud9,Priestah,W,7,27,24,3,1.12,25.9,23,14,1,0,0,162,599,0.27,10.7m,Erad,Warfighter,Overdrive,Resupply,"Trinity Rocket, Scorchers, Bombardment",0,0,0,0,0,0,0,0,0,1,2,4,2,1,0,3,1,1,0,0,0,2,0,0,1,1
B327F068-E625-11D2-88AE-F8461C0A376D,rel-winners-2-0,2017-06-15 22:32:22 UTC,626,Uplink,Throwback,Cloud9,Xotic,W,7,25,22,3,1.14,24,21.1,7,0,0,0,128,569,0.225,15.5m,KBAR-32,FTL,FTL Jump,Power Slide,"Trinity Rocket, Scorchers, Bombardment",0,0,0,0,0,0,0,0,0,0,0,0,4,1,0,5,2,0,1,0,0,3,0,0,1,1
B327F068-E625-11D2-88AE-F8461C0A376D,rel-winners-2-0,2017-06-15 22:32:22 UTC,626,Uplink,Throwback,Tainted Minds,Damage,L,6,21,24,-3,0.88,20.1,23,9,1,0,0,94,500,0.188,19.2m,NV4,Warfighter,Overdrive,Resupply,"Trinity Rocket, Scorchers, Bombardment",0,0,0,0,0,0,0,0,0,0,0,0,1,0,0,1,0,0,0,0,0,0,0,0,1,1
B327F068-E625-11D2-88AE-F8461C0A376D,rel-winners-2-0,2017-06-15 22:32:22 UTC,626,Uplink,Throwback,Tainted Minds,Excite,L,6,22,25,-3,0.88,21.1,24,14,2,0,1,127,476,0.267,12.6m,KBAR-32,Phantom,Active Camo,Rearguard,"Trinity Rocket, Scorchers, Bombardment",0,0,0,0,0,0,0,0,0,0,0,0,3,0,0,3,0,0,0,0,0,0,0,0,1,0
B327F068-E625-11D2-88AE-F8461C0A376D,rel-winners-2-0,2017-06-15 22:32:22 UTC,626,Uplink,Throwback,Tainted Minds,Nimble,L,6,27,26,1,1.04,25.9,24.9,9,1,0,0,132,626,0.211,11.9m,Erad,Merc,Reactive Armor,Man-at-Arms,"Trinity Rocket, Scorchers, Bombardment",0,0,0,0,0,0,0,0,0,0,0,0,4,0,0,4,0,1,0,0,0,1,0,0,0,0
B327F068-E625-11D2-88AE-F8461C0A376D,rel-winners-2-0,2017-06-15 22:32:22 UTC,626,Uplink,Throwback,Tainted Minds,Swifty,L,6,25,28,-3,0.89,24,26.8,9,2,0,0,118,431,0.274,13.9m,KBAR-32,FTL,FTL Jump,Power Slide,"Trinity Rocket, Scorchers, Bombardment",0,0,0,0,0,0,0,0,0,3,0,6,5,0,0,5,0,0,0,0,0,0,0,0,2,0
8F0CEB38-E626-11D2-1C28-F8461C09E55D,rel-losers-1-0,2017-06-15 22:39:01 UTC,625,Uplink,Throwback,Millenium,MarkyB,L,2,18,24,-6,0.75,17.3,23,6,1,0,1,94,379,0.248,16.0m,KBAR-32,Warfighter,Overdrive,Resupply,"Scarab, Trinity Rocket, Bombardment",0,0,0,0,0,0,0,0,0,0,2,2,3,0,0,3,0,1,0,0,0,1,1,1,1,1
8F0CEB38-E626-11D2-1C28-F8461C09E55D,rel-losers-1-0,2017-06-15 22:39:01 UTC,625,Uplink,Throwback,Millenium,Moose,L,2,25,24,1,1.04,24,23,7,2,0,0,132,490,0.269,13.2m,KBAR-32,Phantom,Active Camo,Rearguard,"Scarab, Trinity Rocket, Bombardment",0,0,0,0,0,0,0,0,0,0,0,0,3,0,0,3,0,0,0,1,0,1,2,1,1,1
8F0CEB38-E626-11D2-1C28-F8461C09E55D,rel-losers-1-0,2017-06-15 22:39:01 UTC,625,Uplink,Throwback,Millenium,Nolson,L,2,22,15,7,1.47,21.1,14.4,10,1,0,0,104,490,0.212,16.0m,NV4,Stryker,Centurion,Trophy Drone,"Scarab, Trinity Rocket, Bombardment",0,0,0,0,0,0,0,0,0,0,0,0,3,0,0,3,0,1,1,0,0,2,2,0,0,0
8F0CEB38-E626-11D2-1C28-F8461C09E55D,rel-losers-1-0,2017-06-15 22:39:01 UTC,625,Uplink,Throwback,Millenium,Peatie,L,2,25,28,-3,0.89,24,26.9,5,3,0,0,25,457,0.055,11.9m,Erad,Merc,Reactive Armor,Man-at-Arms,"Scarab, Trinity Rocket, Bombardment",0,0,0,0,0,0,0,0,0,0,0,0,2,0,0,2,0,0,0,0,0,0,0,0,0,0
8F0CEB38-E626-11D2-1C28-F8461C09E55D,rel-losers-1-0,2017-06-15 22:39:01 UTC,625,Uplink,Throwback,Supremacy,Eazy,W,4,24,24,0,1,23,23,8,4,0,1,120,529,0.227,12.9m,Erad,Phantom,Active Camo,Rearguard,"Scarab, Trinity Rocket, Bombardment",0,0,0,0,0,0,0,0,0,0,3,3,3,1,0,4,0,1,0,0,0,1,3,0,1,1
8F0CEB38-E626-11D2-1C28-F8461C09E55D,rel-losers-1-0,2017-06-15 22:39:01 UTC,625,Uplink,Throwback,Supremacy,Malls,W,4,22,20,2,1.1,21.1,19.2,7,3,0,0,112,552,0.203,16.9m,KBAR-32,Warfighter,Overdrive,Resupply,"Scarab, Trinity Rocket, Bombardment",0,0,0,0,0,0,0,0,0,0,0,0,4,1,0,5,1,0,1,0,0,2,1,0,1,1
8F0CEB38-E626-11D2-1C28-F8461C09E55D,rel-losers-1-0,2017-06-15 22:39:01 UTC,625,Uplink,Throwback,Supremacy,SyVortex,W,4,25,25,0,1,24,24,5,4,0,0,104,409,0.254,8.5m,Erad,FTL,FTL Jump,Power Slide,"Scarab, Trinity Rocket, Bombardment",0,0,0,0,0,0,0,0,0,0,1,1,1,1,0,2,0,0,0,0,0,0,1,0,1,1
8F0CEB38-E626-11D2-1C28-F8461C09E55D,rel-losers-1-0,2017-06-15 22:39:01 UTC,625,Uplink,Throwback,Supremacy,TonyJs,W,4,20,21,-1,0.95,19.2,20.2,7,1,0,1,117,488,0.24,17.7m,NV4,Merc,Reactive Armor,Man-at-Arms,"Scarab, Trinity Rocket, Bombardment",0,0,0,0,0,0,0,0,0,0,0,0,3,0,0,3,0,1,0,0,0,1,0,0,0,0
C3B47A26-E627-11D2-88AE-F8461C0A376D,rel-winners-2-0,2017-06-15 22:46:45 UTC,602,Hardpoint,Scorch,Cloud9,Aches,W,250,25,21,4,1.19,24.9,20.9,13,2,0,0,125,655,0.191,15.7m,KBAR-32,Stryker,Centurion,Trophy Drone,"Trinity Rocket, Scorchers, Bombardment",73,3,6,0,0,0,0,0,0,0,0,0,6,0,0,6,0,0,0,0,0,0,0,0,1,1
C3B47A26-E627-11D2-88AE-F8461C0A376D,rel-winners-2-0,2017-06-15 22:46:45 UTC,602,Hardpoint,Scorch,Cloud9,Assault,W,250,25,22,3,1.14,24.9,21.9,5,2,0,0,116,438,0.265,14.6m,KBAR-32,Phantom,Active Camo,Rearguard,"Trinity Rocket, Scorchers, Bombardment",76,2,7,0,0,0,0,0,0,0,0,0,5,0,0,5,1,0,0,0,0,1,0,0,1,1
C3B47A26-E627-11D2-88AE-F8461C0A376D,rel-winners-2-0,2017-06-15 22:46:45 UTC,602,Hardpoint,Scorch,Cloud9,Priestah,W,250,25,24,1,1.04,24.9,23.9,7,3,0,0,136,490,0.278,13.0m,Erad,Merc,Reactive Armor,Man-at-Arms,"Trinity Rocket, Scorchers, Bombardment",97,6,6,0,0,0,0,0,0,0,0,0,3,1,0,4,2,0,0,0,0,2,0,0,1,1
C3B47A26-E627-11D2-88AE-F8461C0A376D,rel-winners-2-0,2017-06-15 22:46:45 UTC,602,Hardpoint,Scorch,Cloud9,Xotic,W,250,24,17,7,1.41,23.9,16.9,6,1,0,0,115,557,0.206,14.1m,KBAR-32,FTL,FTL Jump,Power Slide,"Trinity Rocket, Scorchers, Bombardment",115,6,11,0,0,0,0,0,0,0,0,0,4,1,0,5,2,1,0,0,0,3,2,2,1,1
C3B47A26-E627-11D2-88AE-F8461C0A376D,rel-winners-2-0,2017-06-15 22:46:45 UTC,602,Hardpoint,Scorch,Tainted Minds,Damage,L,197,24,23,1,1.04,23.9,22.9,8,4,0,0,108,570,0.189,15.5m,KBAR-32,Stryker,Centurion,Trophy Drone,"Trinity Rocket, Scorchers, Bombardment",75,5,5,0,0,0,0,0,0,0,0,0,3,1,0,4,1,0,0,0,0,1,0,0,1,0
C3B47A26-E627-11D2-88AE-F8461C0A376D,rel-winners-2-0,2017-06-15 22:46:45 UTC,602,Hardpoint,Scorch,Tainted Minds,Excite,L,197,23,26,-3,0.88,22.9,25.9,12,4,0,0,124,525,0.236,13.5m,KBAR-32,Phantom,Active Camo,Rearguard,"Trinity Rocket, Scorchers, Bombardment",43,4,1,0,0,0,0,0,0,0,0,0,2,0,0,2,0,0,0,0,0,0,0,0,1,1
C3B47A26-E627-11D2-88AE-F8461C0A376D,rel-winners-2-0,2017-06-15 22:46:45 UTC,602,Hardpoint,Scorch,Tainted Minds,Nimble,L,197,18,26,-8,0.69,17.9,25.9,6,1,0,0,98,538,0.182,13.4m,Erad,Merc,Reactive Armor,Man-at-Arms,"Trinity Rocket, Scorchers, Bombardment",71,3,3,0,0,0,0,0,0,0,0,0,1,0,0,1,0,0,0,0,0,0,0,0,0,0
C3B47A26-E627-11D2-88AE-F8461C0A376D,rel-winners-2-0,2017-06-15 22:46:45 UTC,602,Hardpoint,Scorch,Tainted Minds,Swifty,L,197,19,24,-5,0.79,18.9,23.9,10,2,0,0,91,401,0.227,16.1m,KBAR-32,FTL,FTL Jump,Power Slide,"Trinity Rocket, Scorchers, Bombardment",70,4,3,0,0,0,0,0,0,0,0,0,4,0,0,4,0,0,0,0,0,0,0,0,1,1
3C6D7500-E62B-11D2-1C28-F8461C09E55D,rel-losers-1-1,2017-06-15 23:10:45 UTC,522,Hardpoint,Breakout,BitterSweet,Lacefield,W,250,26,14,12,1.86,29.9,16.1,8,2,0,1,103,397,0.259,13.7m,KBAR-32,Merc,Reactive Armor,Man-at-Arms,"Scarab, Trinity Rocket, Bombardment",58,3,1,0,0,0,0,0,0,0,0,0,5,1,0,6,3,1,0,0,0,4,2,1,1,1
3C6D7500-E62B-11D2-1C28-F8461C09E55D,rel-losers-1-1,2017-06-15 23:10:45 UTC,522,Hardpoint,Breakout,BitterSweet,LlamaGod,W,250,20,17,3,1.18,23,19.5,8,2,0,0,83,488,0.17,13.7m,KBAR-32,FTL,FTL Jump,Power Slide,"Scarab, Trinity Rocket, Bombardment",88,5,6,0,0,0,0,0,0,0,0,0,1,2,0,3,1,0,0,0,0,1,1,1,1,0
3C6D7500-E62B-11D2-1C28-F8461C09E55D,rel-losers-1-1,2017-06-15 23:10:45 UTC,522,Hardpoint,Breakout,BitterSweet,Maux,W,250,22,14,8,1.57,25.3,16.1,7,1,0,0,113,365,0.31,24.3m,NV4,Phantom,Active Camo,Rearguard,"Scarab, Trinity Rocket, Bombardment",65,3,0,0,0,0,0,0,0,0,0,0,1,1,0,2,2,0,0,0,0,2,1,1,1,1
3C6D7500-E62B-11D2-1C28-F8461C09E55D,rel-losers-1-1,2017-06-15 23:10:45 UTC,522,Hardpoint,Breakout,BitterSweet,SpaceLy,W,250,25,11,14,2.27,28.7,12.6,4,0,0,0,90,407,0.221,15.2m,KBAR-32,Stryker,Centurion,Trophy Drone,"Scarab, Trinity Rocket, Bombardment",74,4,2,0,0,0,0,0,0,0,0,0,5,0,0,5,1,0,0,0,1,2,5,5,0,0
3C6D7500-E62B-11D2-1C28-F8461C09E55D,rel-losers-1-1,2017-06-15 23:10:45 UTC,522,Hardpoint,Breakout,eRa,Fastballa,L,111,13,25,-12,0.52,14.9,28.7,6,0,0,0,90,446,0.202,13.4m,KBAR-32,Phantom,Active Camo,Rearguard,"Scarab, Trinity Rocket, Bombardment",16,2,1,0,0,0,0,0,0,0,0,0,1,0,0,1,0,0,0,0,0,0,1,1,0,0
3C6D7500-E62B-11D2-1C28-F8461C09E55D,rel-losers-1-1,2017-06-15 23:10:45 UTC,522,Hardpoint,Breakout,eRa,Glory,L,111,18,25,-7,0.72,20.7,28.7,7,0,0,0,94,417,0.225,14.2m,KBAR-32,FTL,FTL Jump,Power Slide,"Scarab, Trinity Rocket, Bombardment",23,2,4,0,0,0,0,0,0,0,0,0,3,1,0,4,0,0,0,0,0,0,0,0,1,1
3C6D7500-E62B-11D2-1C28-F8461C09E55D,rel-losers-1-1,2017-06-15 23:10:45 UTC,522,Hardpoint,Breakout,eRa,mosh,L,111,15,22,-7,0.68,17.2,25.3,6,0,0,0,82,415,0.198,21.6m,NV4,Stryker,Centurion,Trophy Drone,"Scarab, Trinity Rocket, Bombardment",24,3,3,0,0,0,0,0,0,0,0,0,1,1,0,2,0,0,0,0,0,0,0,0,0,0
3C6D7500-E62B-11D2-1C28-F8461C09E55D,rel-losers-1-1,2017-06-15 23:10:45 UTC,522,Hardpoint,Breakout,eRa,Profeezy,L,111,10,21,-11,0.48,11.5,24.1,8,2,0,0,61,333,0.183,11.3m,KBAR-32,Merc,Reactive Armor,Man-at-Arms,"Scarab, Trinity Rocket, Bombardment",75,4,0,0,0,0,0,0,0,0,0,0,0,0,0,0,0,0,0,0,0,0,0,0,0,0
FECB24D0-E62B-11D2-88AE-F8461C0A376D,rel-winners-2-1,2017-06-15 23:15:29 UTC,510,Hardpoint,Breakout,Fnatic,Skrapz,L,132,19,22,-3,0.86,22.4,25.9,3,0,0,0,91,374,0.243,15.8m,KBAR-32,FTL,FTL Jump,Power Slide,"Scarab, Trinity Rocket, Bombardment",22,1,2,0,0,0,0,0,0,0,0,0,4,0,0,4,0,0,0,0,0,0,0,0,1,1
FECB24D0-E62B-11D2-88AE-F8461C0A376D,rel-winners-2-1,2017-06-15 23:15:29 UTC,510,Hardpoint,Breakout,Fnatic,SunnyB,L,132,16,19,-3,0.84,18.8,22.4,6,0,0,0,84,391,0.215,14.8m,KBAR-32,Stryker,Centurion,Trophy Drone,"Scarab, Trinity Rocket, Bombardment",21,3,4,0,0,0,0,0,0,0,0,0,2,0,0,2,1,0,0,0,0,1,1,1,0,0
FECB24D0-E62B-11D2-88AE-F8461C0A376D,rel-winners-2-1,2017-06-15 23:15:29 UTC,510,Hardpoint,Breakout,Fnatic,Tommey,L,132,15,20,-5,0.75,17.6,23.5,6,0,0,1,73,337,0.217,18.8m,NV4,Phantom,Active Camo,Rearguard,"Scarab, Trinity Rocket, Bombardment",65,8,4,0,0,0,0,0,0,0,0,0,3,0,0,3,0,0,0,0,0,0,1,1,1,1
FECB24D0-E62B-11D2-88AE-F8461C0A376D,rel-winners-2-1,2017-06-15 23:15:29 UTC,510,Hardpoint,Breakout,Fnatic,Wuskin,L,132,13,20,-7,0.65,15.3,23.5,7,1,0,0,75,367,0.204,13.6m,KBAR-32,Merc,Reactive Armor,Man-at-Arms,"Scarab, Trinity Rocket, Bombardment",57,1,0,0,0,0,0,0,0,0,0,0,1,0,0,1,0,0,0,0,0,0,0,0,0,0
FECB24D0-E62B-11D2-88AE-F8461C0A376D,rel-winners-2-1,2017-06-15 23:15:29 UTC,510,Hardpoint,Breakout,Red Reserve,Joee,W,250,15,19,-4,0.79,17.6,22.4,12,0,0,0,93,356,0.261,16.6m,KBAR-32,Stryker,Centurion,Trophy Drone,"Scarab, Trinity Rocket, Bombardment",99,6,4,0,0,0,0,0,0,0,0,0,1,0,0,1,1,0,0,0,0,1,3,2,0,0
FECB24D0-E62B-11D2-88AE-F8461C0A376D,rel-winners-2-1,2017-06-15 23:15:29 UTC,510,Hardpoint,Breakout,Red Reserve,Niall,W,250,27,14,13,1.93,31.8,16.5,6,1,0,0,103,399,0.258,16.9m,KBAR-32,Merc,Reactive Armor,Man-at-Arms,"Scarab, Trinity Rocket, Bombardment",73,5,3,0,0,0,0,0,0,0,0,0,2,1,1,4,1,0,0,1,0,2,4,3,1,1
FECB24D0-E62B-11D2-88AE-F8461C0A376D,rel-winners-2-1,2017-06-15 23:15:29 UTC,510,Hardpoint,Breakout,Red Reserve,Rated,W,250,15,16,-1,0.94,17.6,18.8,7,0,0,0,84,396,0.212,16.6m,KBAR-32,Phantom,Active Camo,Rearguard,"Scarab, Trinity Rocket, Bombardment",70,2,3,0,0,0,0,0,0,0,0,0,1,0,0,1,1,0,0,0,0,1,1,0,0,0
FECB24D0-E62B-11D2-88AE-F8461C0A376D,rel-winners-2-1,2017-06-15 23:15:29 UTC,510,Hardpoint,Breakout,Red Reserve,Urban,W,250,24,14,10,1.71,28.2,16.5,6,2,0,0,95,498,0.191,16.6m,KBAR-32,FTL,FTL Jump,Power Slide,"Scarab, Trinity Rocket, Bombardment",81,3,4,0,0,0,0,0,0,0,0,0,6,0,0,6,2,1,0,0,0,3,3,2,1,0
4F85823E-E62D-11D2-1C28-F8461C09E55D,rel-losers-1-1,2017-06-15 23:28:18 UTC,682,Search & Destroy,Retaliation,BitterSweet,Lacefield,W,6,14,4,10,3.5,12.3,3.5,0,2,0,0,62,253,0.245,15.4m,Erad,Merc,Reactive Armor,Man-at-Arms,"Scarab, Trinity Rocket, Bombardment",0,0,0,9,3,0,0,0,0,0,0,0,1,0,0,1,1,0,0,0,1,2,2,1,2,1
4F85823E-E62D-11D2-1C28-F8461C09E55D,rel-losers-1-1,2017-06-15 23:28:18 UTC,682,Search & Destroy,Retaliation,BitterSweet,LlamaGod,W,6,9,4,5,2.25,7.9,3.5,2,0,0,1,37,158,0.234,13.5m,NV4,FTL,FTL Jump,Power Slide,"Scarab, Trinity Rocket, Bombardment",0,0,0,9,2,0,0,0,0,0,0,0,2,0,0,2,0,0,0,1,0,1,1,0,2,1
4F85823E-E62D-11D2-1C28-F8461C09E55D,rel-losers-1-1,2017-06-15 23:28:18 UTC,682,Search & Destroy,Retaliation,BitterSweet,Maux,W,6,5,4,1,1.25,4.4,3.5,5,1,0,0,39,161,0.242,21.6m,NV4,Phantom,Active Camo,Rearguard,"Scarab, Trinity Rocket, Bombardment",0,0,0,9,0,0,0,1,0,0,0,0,0,0,0,0,1,0,0,0,0,1,1,0,0,0
4F85823E-E62D-11D2-1C28-F8461C09E55D,rel-losers-1-1,2017-06-15 23:28:18 UTC,682,Search & Destroy,Retaliation,BitterSweet,SpaceLy,W,6,3,7,-4,0.43,2.6,6.2,1,1,0,0,23,115,0.2,9.0m,Erad,Stryker,Centurion,Trophy Drone,"Scarab, Trinity Rocket, Bombardment",0,0,0,9,1,4,4,0,0,0,0,0,0,0,0,0,0,0,0,0,0,0,0,0,0,0
4F85823E-E62D-11D2-1C28-F8461C09E55D,rel-losers-1-1,2017-06-15 23:28:18 UTC,682,Search & Destroy,Retaliation,eRa,Fastballa,L,3,4,9,-5,0.44,3.5,7.9,0,0,0,0,23,111,0.207,15.0m,FHR-40,Phantom,Active Camo,Rearguard,"Scarab, Trinity Rocket, Bombardment",0,0,0,9,0,0,0,0,0,0,0,0,0,0,0,0,0,0,0,0,0,0,0,0,0,0
4F85823E-E62D-11D2-1C28-F8461C09E55D,rel-losers-1-1,2017-06-15 23:28:18 UTC,682,Search & Destroy,Retaliation,eRa,Glory,L,3,7,7,0,1,6.2,6.2,2,0,0,0,46,248,0.185,17.3m,KBAR-32,FTL,FTL Jump,Power Slide,"Scarab, Trinity Rocket, Bombardment",0,0,0,9,2,0,0,0,0,0,0,0,1,0,0,1,0,0,0,0,0,0,0,0,3,1
4F85823E-E62D-11D2-1C28-F8461C09E55D,rel-losers-1-1,2017-06-15 23:28:18 UTC,682,Search & Destroy,Retaliation,eRa,mosh,L,3,1,8,-7,0.12,0.9,7,1,0,0,0,17,128,0.133,19.7m,NV4,Stryker,Centurion,Trophy Drone,"Scarab, Trinity Rocket, Bombardment",0,0,0,9,0,0,0,0,0,0,0,0,0,0,0,0,0,0,0,0,0,0,0,0,0,0
4F85823E-E62D-11D2-1C28-F8461C09E55D,rel-losers-1-1,2017-06-15 23:28:18 UTC,682,Search & Destroy,Retaliation,eRa,Profeezy,L,3,7,7,0,1,6.2,6.2,0,0,0,0,35,176,0.199,17.4m,Erad,Merc,Reactive Armor,Man-at-Arms,"Scarab, Trinity Rocket, Bombardment",0,0,0,9,0,5,3,0,0,0,0,0,0,0,0,0,1,0,0,0,0,1,1,1,0,0
C75E4318-E62D-11D2-88AE-F8461C0A376D,rel-winners-2-1,2017-06-15 23:29:10 UTC,564,Search & Destroy,Retaliation,Fnatic,Skrapz,L,1,2,7,-5,0.29,2.1,7.4,2,0,0,0,24,105,0.229,10.1m,KBAR-32,FTL,FTL Jump,Power Slide,"Scarab, Trinity Rocket, Bombardment",0,0,0,7,0,1,0,0,0,0,0,0,0,0,0,0,0,0,0,0,0,0,0,0,0,0
C75E4318-E62D-11D2-88AE-F8461C0A376D,rel-winners-2-1,2017-06-15 23:29:10 UTC,564,Search & Destroy,Retaliation,Fnatic,SunnyB,L,1,6,6,0,1,6.4,6.4,0,1,0,0,26,134,0.194,12.9m,Erad,Stryker,Centurion,Trophy Drone,"Scarab, Trinity Rocket, Bombardment",0,0,0,7,0,4,0,0,0,0,0,0,0,0,0,0,0,0,0,0,0,0,0,0,0,0
C75E4318-E62D-11D2-88AE-F8461C0A376D,rel-winners-2-1,2017-06-15 23:29:10 UTC,564,Search & Destroy,Retaliation,Fnatic,Tommey,L,1,2,6,-4,0.33,2.1,6.4,3,0,0,0,14,66,0.212,21.9m,KBAR-32,Phantom,Active Camo,Rearguard,"Scarab, Trinity Rocket, Bombardment",0,0,0,7,1,1,0,1,0,0,0,0,0,0,0,0,0,0,0,0,0,0,0,0,0,0
C75E4318-E62D-11D2-88AE-F8461C0A376D,rel-winners-2-1,2017-06-15 23:29:10 UTC,564,Search & Destroy,Retaliation,Fnatic,Wuskin,L,1,2,7,-5,0.29,2.1,7.4,1,0,0,0,13,57,0.228,21.4m,NV4,Merc,Reactive Armor,Man-at-Arms,"Scarab, Trinity Rocket, Bombardment",0,0,0,7,0,0,0,0,0,0,0,0,0,0,0,0,0,0,0,0,0,0,0,0,0,0
C75E4318-E62D-11D2-88AE-F8461C0A376D,rel-winners-2-1,2017-06-15 23:29:10 UTC,564,Search & Destroy,Retaliation,Red Reserve,Joee,W,6,8,4,4,2,8.5,4.3,1,0,0,0,42,119,0.353,15.1m,Erad,Stryker,Centurion,Trophy Drone,"Scarab, Trinity Rocket, Bombardment",0,0,0,7,2,0,0,0,0,0,0,0,2,0,0,2,1,0,0,0,0,1,0,0,0,0
C75E4318-E62D-11D2-88AE-F8461C0A376D,rel-winners-2-1,2017-06-15 23:29:10 UTC,564,Search & Destroy,Retaliation,Red Reserve,Niall,W,6,8,3,5,2.67,8.5,3.2,0,0,0,0,36,170,0.212,27.1m,NV4,Merc,Reactive Armor,Man-at-Arms,"Scarab, Trinity Rocket, Bombardment",0,0,0,7,3,2,2,0,0,0,0,0,1,0,0,1,0,0,0,1,0,1,3,1,0,0
C75E4318-E62D-11D2-88AE-F8461C0A376D,rel-winners-2-1,2017-06-15 23:29:10 UTC,564,Search & Destroy,Retaliation,Red Reserve,Rated,W,6,4,3,1,1.33,4.3,3.2,4,0,0,0,25,142,0.176,7.7m,NV4,Phantom,Active Camo,Rearguard,"Scarab, Trinity Rocket, Bombardment",0,0,0,7,0,2,1,0,0,0,0,0,0,0,0,0,0,0,0,0,0,0,0,0,0,0
C75E4318-E62D-11D2-88AE-F8461C0A376D,rel-winners-2-1,2017-06-15 23:29:10 UTC,564,Search & Destroy,Retaliation,Red Reserve,Urban,W,6,6,2,4,3,6.4,2.1,0,0,0,0,23,133,0.173,15.5m,NV4,FTL,FTL Jump,Power Slide,"Scarab, Trinity Rocket, Bombardment",0,0,0,7,1,0,0,0,0,0,0,0,1,0,0,1,0,0,0,0,0,0,0,0,2,1
267E0660-E630-11D2-88AE-F8461C0A376D,rel-winners-2-1,2017-06-15 23:47:09 UTC,625,Uplink,Throwback,Fnatic,Skrapz,L,0,25,26,-1,0.96,24,25,11,4,0,0,126,496,0.254,17.7m,KBAR-32,Warfighter,Overdrive,Resupply,"Scarab, Trinity Rocket, Bombardment",0,0,0,0,0,0,0,0,0,0,0,0,2,0,0,2,0,0,0,0,0,0,0,0,1,1
267E0660-E630-11D2-88AE-F8461C0A376D,rel-winners-2-1,2017-06-15 23:47:09 UTC,625,Uplink,Throwback,Fnatic,SunnyB,L,0,21,27,-6,0.78,20.2,25.9,8,1,0,0,108,469,0.23,15.4m,Erad,Stryker,Centurion,Trophy Drone,"Scarab, Trinity Rocket, Bombardment",0,0,0,0,0,0,0,0,0,0,0,0,4,0,0,4,1,0,0,0,0,1,1,0,0,0
267E0660-E630-11D2-88AE-F8461C0A376D,rel-winners-2-1,2017-06-15 23:47:09 UTC,625,Uplink,Throwback,Fnatic,Tommey,L,0,23,23,0,1,22.1,22.1,12,1,0,1,92,398,0.231,16.6m,NV4,Phantom,Active Camo,Rearguard,"Scarab, Trinity Rocket, Bombardment",0,0,0,0,0,0,0,0,0,0,0,0,0,2,0,2,1,0,1,0,0,2,1,0,1,0
267E0660-E630-11D2-88AE-F8461C0A376D,rel-winners-2-1,2017-06-15 23:47:09 UTC,625,Uplink,Throwback,Fnatic,Wuskin,L,0,20,26,-6,0.77,19.2,25,10,4,0,0,111,497,0.223,20.2m,NV4,Merc,Reactive Armor,Man-at-Arms,"Scarab, Trinity Rocket, Bombardment",0,0,0,0,0,0,0,0,0,0,0,0,1,1,0,2,1,0,0,0,0,1,0,0,0,0
267E0660-E630-11D2-88AE-F8461C0A376D,rel-winners-2-1,2017-06-15 23:47:09 UTC,625,Uplink,Throwback,Red Reserve,Joee,W,5,26,23,3,1.13,25,22.1,6,0,0,0,117,407,0.287,12.7m,Erad,Warfighter,Overdrive,Resupply,"Scarab, Trinity Rocket, Bombardment",0,0,0,0,0,0,0,0,0,0,0,0,4,0,0,4,0,1,0,0,0,1,1,1,1,1
267E0660-E630-11D2-88AE-F8461C0A376D,rel-winners-2-1,2017-06-15 23:47:09 UTC,625,Uplink,Throwback,Red Reserve,Niall,W,5,23,24,-1,0.96,22.1,23,12,1,0,0,135,459,0.294,16.3m,KBAR-32,Merc,Reactive Armor,Man-at-Arms,"Scarab, Trinity Rocket, Bombardment",0,0,0,0,0,0,0,0,0,1,1,3,4,0,0,4,0,0,0,0,0,0,0,0,0,0
267E0660-E630-11D2-88AE-F8461C0A376D,rel-winners-2-1,2017-06-15 23:47:09 UTC,625,Uplink,Throwback,Red Reserve,Rated,W,5,28,20,8,1.4,26.9,19.2,5,0,0,0,119,432,0.275,21.6m,NV4,Phantom,Active Camo,Rearguard,"Scarab, Trinity Rocket, Bombardment",0,0,0,0,0,0,0,0,0,0,0,0,5,0,0,5,0,0,0,0,0,0,0,0,1,0
267E0660-E630-11D2-88AE-F8461C0A376D,rel-winners-2-1,2017-06-15 23:47:09 UTC,625,Uplink,Throwback,Red Reserve,Urban,W,5,25,22,3,1.14,24,21.1,8,0,0,0,134,616,0.218,13.2m,KBAR-32,FTL,FTL Jump,Power Slide,"Scarab, Trinity Rocket, Bombardment",0,0,0,0,0,0,0,0,0,1,0,2,3,1,0,4,0,1,0,0,0,1,1,1,1,1
4C76C87A-E630-11D2-1C28-F8461C09E55D,rel-losers-1-1,2017-06-15 23:48:43 UTC,625,Uplink,Throwback,BitterSweet,Lacefield,W,10,19,22,-3,0.86,18.2,21.1,8,0,0,1,106,447,0.237,13.6m,KBAR-32,Merc,Reactive Armor,Man-at-Arms,"Scarab, Trinity Rocket, Bombardment",0,0,0,0,0,0,0,0,0,3,0,6,4,0,0,4,1,0,0,0,0,1,1,1,0,0
4C76C87A-E630-11D2-1C28-F8461C09E55D,rel-losers-1-1,2017-06-15 23:48:43 UTC,625,Uplink,Throwback,BitterSweet,LlamaGod,W,10,30,22,8,1.36,28.8,21.1,7,0,0,0,135,523,0.258,11.3m,Erad,FTL,FTL Jump,Power Slide,"Scarab, Trinity Rocket, Bombardment",0,0,0,0,0,0,0,0,0,0,1,1,5,1,0,6,3,0,0,0,0,3,1,0,1,1
4C76C87A-E630-11D2-1C28-F8461C09E55D,rel-losers-1-1,2017-06-15 23:48:43 UTC,625,Uplink,Throwback,BitterSweet,Maux,W,10,33,17,16,1.94,31.7,16.3,5,0,0,0,140,560,0.25,12.5m,KBAR-32,Phantom,Active Camo,Rearguard,"Trinity Rocket, Bombardment, Warden",0,0,0,0,0,0,0,0,0,1,1,3,4,1,1,6,1,2,1,0,0,4,1,0,1,1
4C76C87A-E630-11D2-1C28-F8461C09E55D,rel-losers-1-1,2017-06-15 23:48:43 UTC,625,Uplink,Throwback,BitterSweet,SpaceLy,W,10,19,21,-2,0.9,18.2,20.2,10,1,0,0,112,565,0.198,11.2m,KBAR-32,Warfighter,Overdrive,Resupply,"Scarab, Trinity Rocket, Bombardment",0,0,0,0,0,0,0,0,0,0,0,0,2,0,0,2,0,0,0,0,0,0,0,0,1,1
4C76C87A-E630-11D2-1C28-F8461C09E55D,rel-losers-1-1,2017-06-15 23:48:43 UTC,625,Uplink,Throwback,eRa,Fastballa,L,0,18,27,-9,0.67,17.3,25.9,6,4,0,0,124,504,0.246,11.7m,FHR-40,Phantom,Active Camo,Rearguard,"Scarab, Trinity Rocket, Bombardment",0,0,0,0,0,0,0,0,0,0,0,0,3,0,0,3,1,0,0,0,0,1,0,0,0,0
4C76C87A-E630-11D2-1C28-F8461C09E55D,rel-losers-1-1,2017-06-15 23:48:43 UTC,625,Uplink,Throwback,eRa,Glory,L,0,19,29,-10,0.66,18.2,27.8,8,0,0,0,134,613,0.219,11.7m,KBAR-32,FTL,FTL Jump,Power Slide,"Scarab, Trinity Rocket, Bombardment",0,0,0,0,0,0,0,0,0,0,0,0,1,0,0,1,0,0,0,0,0,0,0,0,1,1
4C76C87A-E630-11D2-1C28-F8461C09E55D,rel-losers-1-1,2017-06-15 23:48:43 UTC,625,Uplink,Throwback,eRa,mosh,L,0,24,25,-1,0.96,23,24,6,0,0,0,91,520,0.175,14.5m,NV4,Warfighter,Overdrive,Resupply,"Scarab, Trinity Rocket, Bombardment",0,0,0,0,0,0,0,0,0,0,0,0,2,1,0,3,1,1,0,0,0,2,1,0,1,1
4C76C87A-E630-11D2-1C28-F8461C09E55D,rel-losers-1-1,2017-06-15 23:48:43 UTC,625,Uplink,Throwback,eRa,Profeezy,L,0,21,20,1,1.05,20.2,19.2,6,0,0,0,124,528,0.235,15.9m,KBAR-32,Merc,Reactive Armor,Man-at-Arms,"Scarab, Trinity Rocket, Bombardment",0,0,0,0,0,0,0,0,0,0,0,0,3,0,0,3,2,0,0,0,0,2,1,0,0,0
3B9D6EF0-E635-11D2-88AE-F8461C0A376D,rel-losers-2-1,2017-06-16 00:22:45 UTC,592,Hardpoint,Throwback,BitterSweet,Lacefield,W,250,32,18,14,1.78,32.4,18.2,8,2,0,0,152,583,0.261,12.9m,Erad,Merc,Reactive Armor,Man-at-Arms,"Scarab, Trinity Rocket, Bombardment",96,7,4,0,0,0,0,0,0,0,0,0,3,2,0,5,1,2,0,0,0,3,4,3,1,1
3B9D6EF0-E635-11D2-88AE-F8461C0A376D,rel-losers-2-1,2017-06-16 00:22:45 UTC,592,Hardpoint,Throwback,BitterSweet,LlamaGod,W,250,26,25,1,1.04,26.4,25.3,8,1,0,0,133,581,0.229,13.4m,KBAR-32,FTL,FTL Jump,Power Slide,"Scarab, Trinity Rocket, Bombardment",21,1,1,0,0,0,0,0,0,0,0,0,3,0,0,3,1,0,0,0,0,1,1,1,1,1
3B9D6EF0-E635-11D2-88AE-F8461C0A376D,rel-losers-2-1,2017-06-16 00:22:45 UTC,592,Hardpoint,Throwback,BitterSweet,Maux,W,250,28,17,11,1.65,28.4,17.2,8,2,0,0,125,560,0.223,15.5m,NV4,Phantom,Active Camo,Rearguard,"Trinity Rocket, Bombardment, Warden",70,4,3,0,0,0,0,0,0,0,0,0,3,1,0,4,0,0,1,0,0,1,2,1,1,1
3B9D6EF0-E635-11D2-88AE-F8461C0A376D,rel-losers-2-1,2017-06-16 00:22:45 UTC,592,Hardpoint,Throwback,BitterSweet,SpaceLy,W,250,27,20,7,1.35,27.4,20.3,13,3,0,0,137,634,0.216,15.9m,KBAR-32,Stryker,Centurion,Trophy Drone,"Scorchers, Warden",111,5,9,0,0,0,0,0,0,0,0,0,0,3,0,3,0,1,0,0,0,1,1,1,1,1
3B9D6EF0-E635-11D2-88AE-F8461C0A376D,rel-losers-2-1,2017-06-16 00:22:45 UTC,592,Hardpoint,Throwback,Tainted Minds,Damage,L,135,16,27,-11,0.59,16.2,27.4,12,0,0,0,91,514,0.177,18.3m,KBAR-32,Stryker,Centurion,Trophy Drone,"Scarab, Trinity Rocket, Bombardment",30,2,2,0,0,0,0,0,0,0,0,0,1,0,0,1,0,0,0,0,0,0,0,0,0,0
3B9D6EF0-E635-11D2-88AE-F8461C0A376D,rel-losers-2-1,2017-06-16 00:22:45 UTC,592,Hardpoint,Throwback,Tainted Minds,Excite,L,135,21,26,-5,0.81,21.3,26.4,13,1,0,0,117,557,0.21,12.6m,KBAR-32,Phantom,Active Camo,Rearguard,"Trinity Rocket, Scorchers, Bombardment",84,5,1,0,0,0,0,0,0,0,0,0,5,0,0,5,1,0,0,0,0,1,0,0,1,1
3B9D6EF0-E635-11D2-88AE-F8461C0A376D,rel-losers-2-1,2017-06-16 00:22:45 UTC,592,Hardpoint,Throwback,Tainted Minds,Nimble,L,135,17,30,-13,0.57,17.2,30.4,11,2,0,0,101,597,0.169,17.2m,KBAR-32,Merc,Reactive Armor,Man-at-Arms,"Scarab, Trinity Rocket, Bombardment",21,3,3,0,0,0,0,0,0,0,0,0,1,0,0,1,0,0,0,0,0,0,0,0,0,0
3B9D6EF0-E635-11D2-88AE-F8461C0A376D,rel-losers-2-1,2017-06-16 00:22:45 UTC,592,Hardpoint,Throwback,Tainted Minds,Swifty,L,135,26,30,-4,0.87,26.4,30.4,7,1,0,0,123,515,0.239,12.7m,KBAR-32,FTL,FTL Jump,Power Slide,"Scarab, Trinity Rocket, Bombardment",42,3,3,0,0,0,0,0,0,0,0,0,5,0,0,5,1,0,0,0,0,1,1,1,1,1
1EE4342C-E637-11D2-88AE-F8461C0A376D,rel-losers-2-1,2017-06-16 00:35:21 UTC,537,Search & Destroy,Crusher,BitterSweet,Lacefield,W,6,6,6,0,1,6.7,6.7,0,0,0,0,27,90,0.3,18.0m,Erad,Merc,Reactive Armor,Man-at-Arms,"Scarab, Trinity Rocket, Bombardment",0,0,0,8,2,0,0,0,0,0,0,0,1,0,0,1,0,0,0,0,0,0,0,0,0,0
1EE4342C-E637-11D2-88AE-F8461C0A376D,rel-losers-2-1,2017-06-16 00:35:21 UTC,537,Search & Destroy,Crusher,BitterSweet,LlamaGod,W,6,9,5,4,1.8,10.1,5.6,3,0,0,0,40,162,0.247,10.5m,Erad,FTL,FTL Jump,Power Slide,"Scarab, Trinity Rocket, Bombardment",0,0,0,8,1,4,1,0,0,0,0,0,1,0,0,1,1,0,0,0,0,1,2,1,5,1
1EE4342C-E637-11D2-88AE-F8461C0A376D,rel-losers-2-1,2017-06-16 00:35:21 UTC,537,Search & Destroy,Crusher,BitterSweet,Maux,W,6,7,3,4,2.33,7.8,3.4,4,0,0,0,41,180,0.228,12.6m,NV4,Phantom,Active Camo,Rearguard,"Trinity Rocket, Bombardment, Warden",0,0,0,8,0,0,0,0,0,0,0,0,2,0,0,2,0,0,0,0,0,0,0,0,1,1
1EE4342C-E637-11D2-88AE-F8461C0A376D,rel-losers-2-1,2017-06-16 00:35:21 UTC,537,Search & Destroy,Crusher,BitterSweet,SpaceLy,W,6,6,3,3,2,6.7,3.4,3,0,0,0,25,153,0.163,17.4m,KBAR-32,Stryker,Centurion,Trophy Drone,"Scarab, Trinity Rocket, Bombardment",0,0,0,8,1,0,0,1,0,0,0,0,0,0,0,0,1,0,0,0,0,1,1,1,0,0
1EE4342C-E637-11D2-88AE-F8461C0A376D,rel-losers-2-1,2017-06-16 00:35:21 UTC,537,Search & Destroy,Crusher,Tainted Minds,Damage,L,2,6,6,0,1,6.7,6.7,3,0,0,1,48,203,0.236,23.2m,NV4,Warfighter,Overdrive,Resupply,"Scarab, Trinity Rocket, Bombardment",0,0,0,8,1,0,0,0,0,0,0,0,1,1,0,2,0,0,0,0,0,0,0,0,0,0
1EE4342C-E637-11D2-88AE-F8461C0A376D,rel-losers-2-1,2017-06-16 00:35:21 UTC,537,Search & Destroy,Crusher,Tainted Minds,Excite,L,2,4,8,-4,0.5,4.5,8.9,3,0,0,0,29,147,0.197,7.8m,KBAR-32,Phantom,Active Camo,Rearguard,"Scarab, Trinity Rocket, Bombardment",0,0,0,8,2,0,0,0,0,0,0,0,0,0,0,0,0,0,0,0,0,0,0,0,0,0
1EE4342C-E637-11D2-88AE-F8461C0A376D,rel-losers-2-1,2017-06-16 00:35:21 UTC,537,Search & Destroy,Crusher,Tainted Minds,Nimble,L,2,4,7,-3,0.57,4.5,7.8,1,1,0,0,20,130,0.154,11.5m,KBAR-32,Merc,Reactive Armor,Man-at-Arms,"Scarab, Trinity Rocket, Bombardment",0,0,0,8,1,4,1,0,0,0,0,0,0,0,0,0,0,0,0,0,0,0,0,0,0,0
1EE4342C-E637-11D2-88AE-F8461C0A376D,rel-losers-2-1,2017-06-16 00:35:21 UTC,537,Search & Destroy,Crusher,Tainted Minds,Swifty,L,2,3,7,-4,0.43,3.4,7.8,2,0,0,0,15,104,0.144,10.5m,KBAR-32,FTL,FTL Jump,Power Slide,"Scarab, Trinity Rocket, Bombardment",0,0,0,8,0,0,0,0,0,0,0,0,0,1,0,1,0,0,0,0,0,0,0,0,0,0
6CFDA3EE-E639-11D2-88AE-F8461C0A376D,rel-losers-2-1,2017-06-16 00:53:19 UTC,625,Uplink,Frost,BitterSweet,Lacefield,W,7,31,20,11,1.55,29.8,19.2,10,0,0,1,136,552,0.246,11.7m,Erad,Merc,Reactive Armor,Man-at-Arms,"Scarab, Trinity Rocket, Bombardment",0,0,0,0,0,0,0,0,0,2,0,4,4,1,0,5,2,0,0,0,0,2,2,2,1,1
6CFDA3EE-E639-11D2-88AE-F8461C0A376D,rel-losers-2-1,2017-06-16 00:53:19 UTC,625,Uplink,Frost,BitterSweet,LlamaGod,W,7,37,26,11,1.42,35.5,25,11,2,0,1,174,728,0.239,13.4m,Erad,FTL,FTL Jump,Power Slide,"Scarab, Trinity Rocket, Bombardment",0,0,0,0,0,0,0,0,0,0,0,0,4,3,1,8,2,0,0,0,0,2,1,0,2,1
6CFDA3EE-E639-11D2-88AE-F8461C0A376D,rel-losers-2-1,2017-06-16 00:53:19 UTC,625,Uplink,Frost,BitterSweet,Maux,W,7,26,22,4,1.18,25,21.1,14,0,0,0,130,549,0.237,11.2m,KBAR-32,Phantom,Active Camo,Rearguard,"Trinity Rocket, Bombardment, Warden",0,0,0,0,0,0,0,0,0,1,0,2,3,0,0,3,0,0,0,0,0,0,0,0,1,1
6CFDA3EE-E639-11D2-88AE-F8461C0A376D,rel-losers-2-1,2017-06-16 00:53:19 UTC,625,Uplink,Frost,BitterSweet,SpaceLy,W,7,20,25,-5,0.8,19.2,24,8,2,0,1,102,464,0.22,11.1m,Erad,Warfighter,Overdrive,Resupply,"Scarab, Trinity Rocket, Bombardment",0,0,0,0,0,0,0,0,0,0,1,1,4,0,0,4,0,0,0,0,0,0,0,0,1,1
6CFDA3EE-E639-11D2-88AE-F8461C0A376D,rel-losers-2-1,2017-06-16 00:53:19 UTC,625,Uplink,Frost,Tainted Minds,Damage,L,4,24,27,-3,0.89,23,25.9,5,2,0,0,102,561,0.182,14.2m,KBAR-32,Warfighter,Overdrive,Resupply,"Scarab, Trinity Rocket, Bombardment",0,0,0,0,0,0,0,0,0,0,0,0,3,0,0,3,1,0,0,0,0,1,1,0,1,0
6CFDA3EE-E639-11D2-88AE-F8461C0A376D,rel-losers-2-1,2017-06-16 00:53:19 UTC,625,Uplink,Frost,Tainted Minds,Excite,L,4,17,30,-13,0.57,16.3,28.8,14,0,0,0,123,486,0.253,13.6m,KBAR-32,Phantom,Active Camo,Rearguard,"Trinity Rocket, Scorchers, Bombardment",0,0,0,0,0,0,0,0,0,1,0,2,1,0,0,1,0,0,0,0,0,0,0,0,0,0
6CFDA3EE-E639-11D2-88AE-F8461C0A376D,rel-losers-2-1,2017-06-16 00:53:19 UTC,625,Uplink,Frost,Tainted Minds,Nimble,L,4,23,29,-6,0.79,22.1,27.8,9,0,0,0,133,564,0.236,11.5m,Erad,Merc,Reactive Armor,Man-at-Arms,"Scarab, Trinity Rocket, Bombardment",0,0,0,0,0,0,0,0,0,0,0,0,4,1,0,5,1,0,0,0,0,1,0,0,0,0
6CFDA3EE-E639-11D2-88AE-F8461C0A376D,rel-losers-2-1,2017-06-16 00:53:19 UTC,625,Uplink,Frost,Tainted Minds,Swifty,L,4,28,28,0,1,26.9,26.9,11,2,0,0,125,534,0.234,11.3m,Erad,FTL,FTL Jump,Power Slide,"Scarab, Trinity Rocket, Bombardment",0,0,0,0,0,0,0,0,0,1,0,2,6,0,0,6,0,0,0,0,0,0,1,0,2,1
33B31D76-E63E-11D2-88AE-F8461C0A376D,rel-losers-2-0,2017-06-16 01:28:06 UTC,661,Hardpoint,Throwback,Fnatic,Skrapz,W,250,28,28,0,1,25.4,25.4,9,2,0,1,150,683,0.22,15.9m,KBAR-32,FTL,FTL Jump,Power Slide,"Scarab, Trinity Rocket, Bombardment",80,4,4,0,0,0,0,0,0,0,0,0,3,0,0,3,0,0,1,0,0,1,1,1,1,1
33B31D76-E63E-11D2-88AE-F8461C0A376D,rel-losers-2-0,2017-06-16 01:28:06 UTC,661,Hardpoint,Throwback,Fnatic,SunnyB,W,250,28,29,-1,0.97,25.4,26.3,7,0,0,0,132,628,0.21,12.9m,Erad,Stryker,Centurion,Trophy Drone,"Scarab, Trinity Rocket, Bombardment",77,7,3,0,0,0,0,0,0,0,0,0,3,0,0,3,1,0,0,0,0,1,1,0,1,1
33B31D76-E63E-11D2-88AE-F8461C0A376D,rel-losers-2-0,2017-06-16 01:28:06 UTC,661,Hardpoint,Throwback,Fnatic,Tommey,W,250,24,32,-8,0.75,21.8,29,9,1,0,0,135,558,0.242,19.3m,NV4,Phantom,Active Camo,Rearguard,"Scarab, Trinity Rocket, Bombardment",46,4,1,0,0,0,0,0,0,0,0,0,3,1,0,4,1,0,0,0,0,1,0,0,1,1
33B31D76-E63E-11D2-88AE-F8461C0A376D,rel-losers-2-0,2017-06-16 01:28:06 UTC,661,Hardpoint,Throwback,Fnatic,Wuskin,W,250,28,28,0,1,25.4,25.4,9,2,0,0,105,578,0.182,17.4m,NV4,Merc,Reactive Armor,Man-at-Arms,"Scarab, Trinity Rocket, Bombardment",90,6,2,0,0,0,0,0,0,0,0,0,5,3,0,8,0,0,1,0,0,1,3,3,1,1
33B31D76-E63E-11D2-88AE-F8461C0A376D,rel-losers-2-0,2017-06-16 01:28:06 UTC,661,Hardpoint,Throwback,Supremacy,Eazy,L,210,33,24,9,1.38,30,21.8,7,2,0,0,129,641,0.201,18.5m,NV4,Phantom,Active Camo,Rearguard,"Scarab, Trinity Rocket, Bombardment",8,5,0,0,0,0,0,0,0,0,0,0,6,0,0,6,2,0,0,0,0,2,2,2,1,1
33B31D76-E63E-11D2-88AE-F8461C0A376D,rel-losers-2-0,2017-06-16 01:28:06 UTC,661,Hardpoint,Throwback,Supremacy,Malls,L,210,27,27,0,1,24.5,24.5,10,3,0,0,136,643,0.212,13.7m,KBAR-32,Stryker,Centurion,Trophy Drone,"Scarab, Trinity Rocket, Bombardment",120,8,9,0,0,0,0,0,0,0,0,0,5,1,0,6,2,0,0,0,0,2,3,0,1,1
33B31D76-E63E-11D2-88AE-F8461C0A376D,rel-losers-2-0,2017-06-16 01:28:06 UTC,661,Hardpoint,Throwback,Supremacy,SyVortex,L,210,35,32,3,1.09,31.8,29,11,2,0,0,145,568,0.255,13.6m,KBAR-32,FTL,FTL Jump,Power Slide,"Scarab, Trinity Rocket, Bombardment",58,5,3,0,0,0,0,0,0,0,0,0,5,1,0,6,2,0,0,0,0,2,2,0,2,2
33B31D76-E63E-11D2-88AE-F8461C0A376D,rel-losers-2-0,2017-06-16 01:28:06 UTC,661,Hardpoint,Throwback,Supremacy,TonyJs,L,210,22,25,-3,0.88,20,22.7,16,2,0,0,130,535,0.243,19.8m,KBAR-32,Merc,Reactive Armor,Man-at-Arms,"Trinity Rocket, Scorchers, Bombardment",52,4,2,0,0,0,0,0,0,0,0,0,0,1,0,1,0,0,0,0,0,0,0,0,1,1
421E2D22-E640-11D2-88AE-F8461C0A376D,rel-losers-2-0,2017-06-16 01:38:37 UTC,410,Search & Destroy,Crusher,Fnatic,Skrapz,W,6,7,2,5,3.5,10.2,2.9,2,1,0,0,29,131,0.221,11.0m,Erad,FTL,FTL Jump,Power Slide,"Scarab, Trinity Rocket, Bombardment",0,0,0,6,1,0,0,0,0,0,0,0,2,0,0,2,1,0,0,0,0,1,1,0,5,1
421E2D22-E640-11D2-88AE-F8461C0A376D,rel-losers-2-0,2017-06-16 01:38:37 UTC,410,Search & Destroy,Crusher,Fnatic,SunnyB,W,6,5,4,1,1.25,7.3,5.9,1,0,0,0,20,81,0.247,12.6m,Erad,Stryker,Centurion,Trophy Drone,"Scarab, Trinity Rocket, Bombardment",0,0,0,6,1,2,1,0,0,0,0,0,0,0,0,0,0,0,0,0,0,0,0,0,0,0
421E2D22-E640-11D2-88AE-F8461C0A376D,rel-losers-2-0,2017-06-16 01:38:37 UTC,410,Search & Destroy,Crusher,Fnatic,Tommey,W,6,7,1,6,7,10.2,1.5,2,0,0,0,26,121,0.215,17.9m,NV4,Phantom,Active Camo,Rearguard,"Scarab, Trinity Rocket, Bombardment",0,0,0,6,0,0,0,1,0,0,0,0,0,0,0,0,0,0,0,1,0,1,2,1,2,1
421E2D22-E640-11D2-88AE-F8461C0A376D,rel-losers-2-0,2017-06-16 01:38:37 UTC,410,Search & Destroy,Crusher,Fnatic,Wuskin,W,6,5,3,2,1.67,7.3,4.4,0,1,0,0,20,119,0.168,17.6m,KBAR-32,Merc,Reactive Armor,Man-at-Arms,"Scarab, Trinity Rocket, Bombardment",0,0,0,6,3,1,1,0,0,0,0,0,0,0,0,0,0,0,0,0,0,0,0,0,0,0
421E2D22-E640-11D2-88AE-F8461C0A376D,rel-losers-2-0,2017-06-16 01:38:37 UTC,410,Search & Destroy,Crusher,Supremacy,Eazy,L,0,2,6,-4,0.33,2.9,8.8,0,0,0,0,13,98,0.133,5.1m,Erad,Phantom,Active Camo,Rearguard,"Scarab, Trinity Rocket, Bombardment",0,0,0,6,0,0,0,0,0,0,0,0,0,0,0,0,0,0,0,0,0,0,0,0,0,0
421E2D22-E640-11D2-88AE-F8461C0A376D,rel-losers-2-0,2017-06-16 01:38:37 UTC,410,Search & Destroy,Crusher,Supremacy,Malls,L,0,0,6,-6,0,0,8.8,3,0,0,0,11,97,0.113,0.0m,KBAR-32,Stryker,Centurion,Trophy Drone,"Scarab, Trinity Rocket, Bombardment",0,0,0,6,0,0,0,0,0,0,0,0,0,0,0,0,0,0,0,0,0,0,0,0,0,0
421E2D22-E640-11D2-88AE-F8461C0A376D,rel-losers-2-0,2017-06-16 01:38:37 UTC,410,Search & Destroy,Crusher,Supremacy,SyVortex,L,0,4,6,-2,0.67,5.9,8.8,1,1,0,0,15,82,0.183,4.7m,KBAR-32,FTL,FTL Jump,Power Slide,"Scarab, Trinity Rocket, Bombardment",0,0,0,6,1,0,0,0,0,0,0,0,0,0,0,0,0,0,0,0,0,0,0,0,0,0
421E2D22-E640-11D2-88AE-F8461C0A376D,rel-losers-2-0,2017-06-16 01:38:37 UTC,410,Search & Destroy,Crusher,Supremacy,TonyJs,L,0,4,6,-2,0.67,5.9,8.8,1,0,0,0,20,79,0.253,17.9m,NV4,Merc,Reactive Armor,Man-at-Arms,"Trinity Rocket, Scorchers, Bombardment",0,0,0,6,0,3,1,0,0,0,0,0,0,0,0,0,0,0,0,0,0,0,0,0,0,0
FC843D40-E641-11D2-88AE-F8461C0A376D,rel-losers-2-0,2017-06-16 01:54:36 UTC,626,Uplink,Frost,Fnatic,Skrapz,W,8,30,27,3,1.11,28.8,25.9,11,2,0,0,165,672,0.246,12.0m,Erad,Warfighter,Overdrive,Resupply,"Scarab, Trinity Rocket, Bombardment",0,0,0,0,0,0,0,0,0,1,1,3,4,1,0,5,1,1,0,0,0,2,2,1,1,1
FC843D40-E641-11D2-88AE-F8461C0A376D,rel-losers-2-0,2017-06-16 01:54:36 UTC,626,Uplink,Frost,Fnatic,SunnyB,W,8,37,21,16,1.76,35.5,20.1,3,1,0,0,164,705,0.233,10.7m,Erad,Stryker,Centurion,Trophy Drone,"Scarab, Trinity Rocket, Bombardment",0,0,0,0,0,0,0,0,0,0,0,0,6,1,0,7,0,2,0,0,0,2,2,1,1,1
FC843D40-E641-11D2-88AE-F8461C0A376D,rel-losers-2-0,2017-06-16 01:54:36 UTC,626,Uplink,Frost,Fnatic,Tommey,W,8,25,24,1,1.04,24,23,7,1,0,1,109,510,0.214,14.7m,KBAR-32,Phantom,Active Camo,Rearguard,"Scarab, Trinity Rocket, Bombardment",0,0,0,0,0,0,0,0,0,0,0,0,2,3,0,5,0,0,0,0,0,0,0,0,1,1
FC843D40-E641-11D2-88AE-F8461C0A376D,rel-losers-2-0,2017-06-16 01:54:36 UTC,626,Uplink,Frost,Fnatic,Wuskin,W,8,20,27,-7,0.74,19.2,25.9,6,1,0,0,124,587,0.211,12.1m,Erad,Merc,Reactive Armor,Man-at-Arms,"Scarab, Trinity Rocket, Bombardment",0,0,0,0,0,0,0,0,0,2,1,5,3,0,0,3,0,0,0,0,0,0,0,0,0,0
FC843D40-E641-11D2-88AE-F8461C0A376D,rel-losers-2-0,2017-06-16 01:54:36 UTC,626,Uplink,Frost,Supremacy,Eazy,L,4,30,27,3,1.11,28.8,25.9,9,0,0,0,136,570,0.239,11.8m,Erad,Phantom,Active Camo,Rearguard,"Scarab, Trinity Rocket, Bombardment",0,0,0,0,0,0,0,0,0,0,0,0,4,0,0,4,1,0,0,0,0,1,0,0,1,1
FC843D40-E641-11D2-88AE-F8461C0A376D,rel-losers-2-0,2017-06-16 01:54:36 UTC,626,Uplink,Frost,Supremacy,Malls,L,4,16,28,-12,0.57,15.3,26.8,8,0,0,0,112,558,0.201,11.9m,KBAR-32,Warfighter,Overdrive,Resupply,"Scarab, Trinity Rocket, Bombardment",0,0,0,0,0,0,0,0,0,0,1,1,2,0,0,2,0,0,0,0,0,0,0,0,1,1
FC843D40-E641-11D2-88AE-F8461C0A376D,rel-losers-2-0,2017-06-16 01:54:36 UTC,626,Uplink,Frost,Supremacy,SyVortex,L,4,29,30,-1,0.97,27.8,28.8,3,1,0,0,130,578,0.225,11.0m,Erad,FTL,FTL Jump,Power Slide,"Scarab, Trinity Rocket, Bombardment",0,0,0,0,0,0,0,0,0,1,1,3,4,0,0,4,0,0,0,0,0,0,0,0,1,1
FC843D40-E641-11D2-88AE-F8461C0A376D,rel-losers-2-0,2017-06-16 01:54:36 UTC,626,Uplink,Frost,Supremacy,TonyJs,L,4,24,28,-4,0.86,23,26.8,5,2,0,1,109,488,0.223,17.3m,KBAR-32,Merc,Reactive Armor,Man-at-Arms,"Scarab, Trinity Rocket, Bombardment",0,0,0,0,0,0,0,0,0,0,0,0,4,0,0,4,0,0,0,0,0,0,0,0,0,0
