id,event,setting,mode,map,team,spec,player,player_score,kills,deaths,obj1,obj2,team_score,opponent,opponent_score
NA_Stage1_Playoffs_Rise Nation_Luminosity Gaming_1,NA_Stage1_Playoffs,LAN,Hardpoint,Fringe,Rise Nation,Scythe,Octane,NA,52,31,1:05,NA,242,Luminosity Gaming,207
NA_Stage1_Playoffs_Rise Nation_Luminosity Gaming_1,NA_Stage1_Playoffs,LAN,Hardpoint,Fringe,Rise Nation,Tempest,Classic,NA,47,36,2:18,NA,242,Luminosity Gaming,207
NA_Stage1_Playoffs_Rise Nation_Luminosity Gaming_1,NA_Stage1_Playoffs,LAN,Hardpoint,Fringe,Rise Nation,Heat Wave,Loony,NA,40,43,0:39,NA,242,Luminosity Gaming,207
NA_Stage1_Playoffs_Rise Nation_Luminosity Gaming_1,NA_Stage1_Playoffs,LAN,Hardpoint,Fringe,Rise Nation,Active C,Slacked,NA,33,39,1:06,NA,242,Luminosity Gaming,207
NA_Stage1_Playoffs_Rise Nation_Luminosity Gaming_1,NA_Stage1_Playoffs,LAN,Hardpoint,Fringe,Luminosity Gaming,Scythe,Crowder,NA,31,37,1:32,NA,242,Rise Nation,207
NA_Stage1_Playoffs_Rise Nation_Luminosity Gaming_1,NA_Stage1_Playoffs,LAN,Hardpoint,Fringe,Luminosity Gaming,Active C,SpaceLy,NA,38,45,1:26,NA,242,Rise Nation,207
NA_Stage1_Playoffs_Rise Nation_Luminosity Gaming_1,NA_Stage1_Playoffs,LAN,Hardpoint,Fringe,Luminosity Gaming,Heat Wave,Saints,NA,38,39,0:54,NA,242,Rise Nation,207
NA_Stage1_Playoffs_Rise Nation_Luminosity Gaming_1,NA_Stage1_Playoffs,LAN,Hardpoint,Fringe,Luminosity Gaming,Purifier,John,NA,42,51,0:34,NA,242,Rise Nation,207
NA_Stage1_Playoffs_Rise Nation_Luminosity Gaming_2,NA_Stage1_Playoffs,LAN,Search and Destroy,Hunted,Rise Nation,Vision P,Octane,NA,9,6,0,NA,6,Luminosity Gaming,3
NA_Stage1_Playoffs_Rise Nation_Luminosity Gaming_2,NA_Stage1_Playoffs,LAN,Search and Destroy,Hunted,Rise Nation,Active C,Classic,NA,3,6,1,NA,6,Luminosity Gaming,3
NA_Stage1_Playoffs_Rise Nation_Luminosity Gaming_2,NA_Stage1_Playoffs,LAN,Search and Destroy,Hunted,Rise Nation,Heat Wave,Loony,NA,8,5,0,NA,6,Luminosity Gaming,3
NA_Stage1_Playoffs_Rise Nation_Luminosity Gaming_2,NA_Stage1_Playoffs,LAN,Search and Destroy,Hunted,Rise Nation,Kinetic A,Slacked,NA,9,4,1,NA,6,Luminosity Gaming,3
NA_Stage1_Playoffs_Rise Nation_Luminosity Gaming_2,NA_Stage1_Playoffs,LAN,Search and Destroy,Hunted,Luminosity Gaming,Kinetic A,Crowder,NA,4,8,0,NA,6,Rise Nation,3
NA_Stage1_Playoffs_Rise Nation_Luminosity Gaming_2,NA_Stage1_Playoffs,LAN,Search and Destroy,Hunted,Luminosity Gaming,Heat Wave,SpaceLy,NA,4,7,3,NA,6,Rise Nation,3
NA_Stage1_Playoffs_Rise Nation_Luminosity Gaming_2,NA_Stage1_Playoffs,LAN,Search and Destroy,Hunted,Luminosity Gaming,Active C,Saints,NA,3,7,0,NA,6,Rise Nation,3
NA_Stage1_Playoffs_Rise Nation_Luminosity Gaming_2,NA_Stage1_Playoffs,LAN,Search and Destroy,Hunted,Luminosity Gaming,Overdrive,John,NA,10,7,0,NA,6,Rise Nation,3
NA_Stage1_Playoffs_Rise Nation_Luminosity Gaming_3,NA_Stage1_Playoffs,LAN,Uplink,Breach,Rise Nation,Scythe,Octane,NA,28,20,0,NA,10,Luminosity Gaming,5
NA_Stage1_Playoffs_Rise Nation_Luminosity Gaming_3,NA_Stage1_Playoffs,LAN,Uplink,Breach,Rise Nation,Annihilator,Classic,NA,22,23,0,NA,10,Luminosity Gaming,5
NA_Stage1_Playoffs_Rise Nation_Luminosity Gaming_3,NA_Stage1_Playoffs,LAN,Uplink,Breach,Rise Nation,Heat Wave,Loony,NA,21,23,1,NA,10,Luminosity Gaming,5
NA_Stage1_Playoffs_Rise Nation_Luminosity Gaming_3,NA_Stage1_Playoffs,LAN,Uplink,Breach,Rise Nation,Kinetic A,Slacked,NA,17,20,2,NA,10,Luminosity Gaming,5
NA_Stage1_Playoffs_Rise Nation_Luminosity Gaming_3,NA_Stage1_Playoffs,LAN,Uplink,Breach,Luminosity Gaming,Scythe,Crowder,NA,15,20,0,NA,10,Rise Nation,5
NA_Stage1_Playoffs_Rise Nation_Luminosity Gaming_3,NA_Stage1_Playoffs,LAN,Uplink,Breach,Luminosity Gaming,Annihilator,SpaceLy,NA,24,23,1,NA,10,Rise Nation,5
NA_Stage1_Playoffs_Rise Nation_Luminosity Gaming_3,NA_Stage1_Playoffs,LAN,Uplink,Breach,Luminosity Gaming,Kinetic A,Saints,NA,21,24,0,NA,10,Rise Nation,5
NA_Stage1_Playoffs_Rise Nation_Luminosity Gaming_3,NA_Stage1_Playoffs,LAN,Uplink,Breach,Luminosity Gaming,Heat Wave,John,NA,24,23,0,NA,10,Rise Nation,5
NA_Stage1_Playoffs_Rise Nation_Luminosity Gaming_4,NA_Stage1_Playoffs,LAN,Capture the Flag,Stronghold,Rise Nation,Scythe,Octane,NA,22,20,0,NA,0,Luminosity Gaming,1
NA_Stage1_Playoffs_Rise Nation_Luminosity Gaming_4,NA_Stage1_Playoffs,LAN,Capture the Flag,Stronghold,Rise Nation,Annihilator,Classic,NA,23,30,0,NA,0,Luminosity Gaming,1
NA_Stage1_Playoffs_Rise Nation_Luminosity Gaming_4,NA_Stage1_Playoffs,LAN,Capture the Flag,Stronghold,Rise Nation,Heat Wave,Loony,NA,23,29,0,NA,0,Luminosity Gaming,1
NA_Stage1_Playoffs_Rise Nation_Luminosity Gaming_4,NA_Stage1_Playoffs,LAN,Capture the Flag,Stronghold,Rise Nation,Kinetic A,Slacked,NA,23,26,0,NA,0,Luminosity Gaming,1
NA_Stage1_Playoffs_Rise Nation_Luminosity Gaming_4,NA_Stage1_Playoffs,LAN,Capture the Flag,Stronghold,Luminosity Gaming,Scythe,Crowder,NA,21,24,0,NA,0,Rise Nation,1
NA_Stage1_Playoffs_Rise Nation_Luminosity Gaming_4,NA_Stage1_Playoffs,LAN,Capture the Flag,Stronghold,Luminosity Gaming,Kinetic A,SpaceLy,NA,26,23,1,NA,0,Rise Nation,1
NA_Stage1_Playoffs_Rise Nation_Luminosity Gaming_4,NA_Stage1_Playoffs,LAN,Capture the Flag,Stronghold,Luminosity Gaming,Heat Wave,Saints,NA,28,17,0,NA,0,Rise Nation,1
NA_Stage1_Playoffs_Rise Nation_Luminosity Gaming_4,NA_Stage1_Playoffs,LAN,Capture the Flag,Stronghold,Luminosity Gaming,Vision P,John,NA,30,27,0,NA,0,Rise Nation,1
NA_Stage1_Playoffs_Rise Nation_Luminosity Gaming_5,NA_Stage1_Playoffs,LAN,Search and Destroy,Fringe,Rise Nation,Vision P,Octane,NA,11,5,0,NA,6,Luminosity Gaming,3
NA_Stage1_Playoffs_Rise Nation_Luminosity Gaming_5,NA_Stage1_Playoffs,LAN,Search and Destroy,Fringe,Rise Nation,Active C,Classic,NA,3,7,0,NA,6,Luminosity Gaming,3
NA_Stage1_Playoffs_Rise Nation_Luminosity Gaming_5,NA_Stage1_Playoffs,LAN,Search and Destroy,Fringe,Rise Nation,Heat Wave,Loony,NA,7,8,0,NA,6,Luminosity Gaming,3
NA_Stage1_Playoffs_Rise Nation_Luminosity Gaming_5,NA_Stage1_Playoffs,LAN,Search and Destroy,Fringe,Rise Nation,Kinetic A,Slacked,NA,6,4,1,NA,6,Luminosity Gaming,3
NA_Stage1_Playoffs_Rise Nation_Luminosity Gaming_5,NA_Stage1_Playoffs,LAN,Search and Destroy,Fringe,Luminosity Gaming,Vision P,Crowder,NA,3,7,0,NA,6,Rise Nation,3
NA_Stage1_Playoffs_Rise Nation_Luminosity Gaming_5,NA_Stage1_Playoffs,LAN,Search and Destroy,Fringe,Luminosity Gaming,Kinetic A,SpaceLy,NA,5,6,0,NA,6,Rise Nation,3
NA_Stage1_Playoffs_Rise Nation_Luminosity Gaming_5,NA_Stage1_Playoffs,LAN,Search and Destroy,Fringe,Luminosity Gaming,Heat Wave,Saints,NA,10,7,0,NA,6,Rise Nation,3
NA_Stage1_Playoffs_Rise Nation_Luminosity Gaming_5,NA_Stage1_Playoffs,LAN,Search and Destroy,Fringe,Luminosity Gaming,Active C,John,NA,6,7,0,NA,6,Rise Nation,3
NA_Stage1_Playoffs_OpTic Gaming_Team SoloMid_1,NA_Stage1_Playoffs,LAN,Hardpoint,Fringe,OpTic Gaming,Kinetic A,Scump,NA,29,27,0:55,NA,250,Team SoloMid,136
NA_Stage1_Playoffs_OpTic Gaming_Team SoloMid_1,NA_Stage1_Playoffs,LAN,Hardpoint,Fringe,OpTic Gaming,Active C,Crimsix,NA,29,25,1:05,NA,250,Team SoloMid,136
NA_Stage1_Playoffs_OpTic Gaming_Team SoloMid_1,NA_Stage1_Playoffs,LAN,Hardpoint,Fringe,OpTic Gaming,Tempest,Karma,NA,36,21,1:41,NA,250,Team SoloMid,136
NA_Stage1_Playoffs_OpTic Gaming_Team SoloMid_1,NA_Stage1_Playoffs,LAN,Hardpoint,Fringe,OpTic Gaming,Scythe,FormaL,NA,22,19,1:19,NA,250,Team SoloMid,136
NA_Stage1_Playoffs_OpTic Gaming_Team SoloMid_1,NA_Stage1_Playoffs,LAN,Hardpoint,Fringe,Team SoloMid,Annihilator,Pacman,NA,23,33,0:22,NA,250,OpTic Gaming,136
NA_Stage1_Playoffs_OpTic Gaming_Team SoloMid_1,NA_Stage1_Playoffs,LAN,Hardpoint,Fringe,Team SoloMid,Kinetic A,ColeChan,NA,20,28,1:38,NA,250,OpTic Gaming,136
NA_Stage1_Playoffs_OpTic Gaming_Team SoloMid_1,NA_Stage1_Playoffs,LAN,Hardpoint,Fringe,Team SoloMid,Active C,Ivy,NA,24,29,0:45,NA,250,OpTic Gaming,136
NA_Stage1_Playoffs_OpTic Gaming_Team SoloMid_1,NA_Stage1_Playoffs,LAN,Hardpoint,Fringe,Team SoloMid,Scythe,Whea7s,NA,25,26,0:18,NA,250,OpTic Gaming,136
NA_Stage1_Playoffs_OpTic Gaming_Team SoloMid_2,NA_Stage1_Playoffs,LAN,Search and Destroy,Hunted,OpTic Gaming,Overdrive,Scump,NA,3,8,0,NA,6,Team SoloMid,3
NA_Stage1_Playoffs_OpTic Gaming_Team SoloMid_2,NA_Stage1_Playoffs,LAN,Search and Destroy,Hunted,OpTic Gaming,Vision P,Crimsix,NA,5,6,1,NA,6,Team SoloMid,3
NA_Stage1_Playoffs_OpTic Gaming_Team SoloMid_2,NA_Stage1_Playoffs,LAN,Search and Destroy,Hunted,OpTic Gaming,Heat Wave,Karma,NA,4,8,0,NA,6,Team SoloMid,3
NA_Stage1_Playoffs_OpTic Gaming_Team SoloMid_2,NA_Stage1_Playoffs,LAN,Search and Destroy,Hunted,OpTic Gaming,Active C,FormaL,NA,6,8,0,NA,6,Team SoloMid,3
NA_Stage1_Playoffs_OpTic Gaming_Team SoloMid_2,NA_Stage1_Playoffs,LAN,Search and Destroy,Hunted,Team SoloMid,Glitch,Pacman,NA,12,5,0,NA,6,OpTic Gaming,3
NA_Stage1_Playoffs_OpTic Gaming_Team SoloMid_2,NA_Stage1_Playoffs,LAN,Search and Destroy,Hunted,Team SoloMid,Active C,ColeChan,NA,4,5,0,NA,6,OpTic Gaming,3
NA_Stage1_Playoffs_OpTic Gaming_Team SoloMid_2,NA_Stage1_Playoffs,LAN,Search and Destroy,Hunted,Team SoloMid,Psychosis,Ivy,NA,10,4,1,NA,6,OpTic Gaming,3
NA_Stage1_Playoffs_OpTic Gaming_Team SoloMid_2,NA_Stage1_Playoffs,LAN,Search and Destroy,Hunted,Team SoloMid,Heat Wave,Whea7s,NA,4,4,0,NA,6,OpTic Gaming,3
NA_Stage1_Playoffs_OpTic Gaming_Team SoloMid_3,NA_Stage1_Playoffs,LAN,Uplink,Breach,OpTic Gaming,Kinetic A,Scump,NA,15,25,1,NA,7,Team SoloMid,10
NA_Stage1_Playoffs_OpTic Gaming_Team SoloMid_3,NA_Stage1_Playoffs,LAN,Uplink,Breach,OpTic Gaming,Active C,Crimsix,NA,18,22,0,NA,7,Team SoloMid,10
NA_Stage1_Playoffs_OpTic Gaming_Team SoloMid_3,NA_Stage1_Playoffs,LAN,Uplink,Breach,OpTic Gaming,Heat Wave,Karma,NA,24,21,1,NA,7,Team SoloMid,10
NA_Stage1_Playoffs_OpTic Gaming_Team SoloMid_3,NA_Stage1_Playoffs,LAN,Uplink,Breach,OpTic Gaming,Annihilator,FormaL,NA,19,22,0,NA,7,Team SoloMid,10
NA_Stage1_Playoffs_OpTic Gaming_Team SoloMid_3,NA_Stage1_Playoffs,LAN,Uplink,Breach,Team SoloMid,Annihilator,Pacman,NA,22,18,0,NA,7,OpTic Gaming,10
NA_Stage1_Playoffs_OpTic Gaming_Team SoloMid_3,NA_Stage1_Playoffs,LAN,Uplink,Breach,Team SoloMid,Kinetic A,ColeChan,NA,25,17,1,NA,7,OpTic Gaming,10
NA_Stage1_Playoffs_OpTic Gaming_Team SoloMid_3,NA_Stage1_Playoffs,LAN,Uplink,Breach,Team SoloMid,Heat Wave,Ivy,NA,14,22,2,NA,7,OpTic Gaming,10
NA_Stage1_Playoffs_OpTic Gaming_Team SoloMid_3,NA_Stage1_Playoffs,LAN,Uplink,Breach,Team SoloMid,Active C,Whea7s,NA,27,19,1,NA,7,OpTic Gaming,10
NA_Stage1_Playoffs_OpTic Gaming_Team SoloMid_4,NA_Stage1_Playoffs,LAN,Capture the Flag,Stronghold,OpTic Gaming,Active C,Scump,NA,29,19,2,NA,3,Team SoloMid,2
NA_Stage1_Playoffs_OpTic Gaming_Team SoloMid_4,NA_Stage1_Playoffs,LAN,Capture the Flag,Stronghold,OpTic Gaming,Psychosis,Crimsix,NA,24,17,0,NA,3,Team SoloMid,2
NA_Stage1_Playoffs_OpTic Gaming_Team SoloMid_4,NA_Stage1_Playoffs,LAN,Capture the Flag,Stronghold,OpTic Gaming,Heat Wave,Karma,NA,21,25,1,NA,3,Team SoloMid,2
NA_Stage1_Playoffs_OpTic Gaming_Team SoloMid_4,NA_Stage1_Playoffs,LAN,Capture the Flag,Stronghold,OpTic Gaming,Annihilator,FormaL,NA,19,26,0,NA,3,Team SoloMid,2
NA_Stage1_Playoffs_OpTic Gaming_Team SoloMid_4,NA_Stage1_Playoffs,LAN,Capture the Flag,Stronghold,Team SoloMid,Annihilator,Pacman,NA,27,20,1,NA,3,OpTic Gaming,2
NA_Stage1_Playoffs_OpTic Gaming_Team SoloMid_4,NA_Stage1_Playoffs,LAN,Capture the Flag,Stronghold,Team SoloMid,Vision P,ColeChan,NA,19,23,2,NA,3,OpTic Gaming,2
NA_Stage1_Playoffs_OpTic Gaming_Team SoloMid_4,NA_Stage1_Playoffs,LAN,Capture the Flag,Stronghold,Team SoloMid,Heat Wave,Ivy,NA,19,29,0,NA,3,OpTic Gaming,2
NA_Stage1_Playoffs_OpTic Gaming_Team SoloMid_4,NA_Stage1_Playoffs,LAN,Capture the Flag,Stronghold,Team SoloMid,Active C,Whea7s,NA,23,21,0,NA,3,OpTic Gaming,2
NA_Stage1_Playoffs_OpTic Gaming_Team SoloMid_5,NA_Stage1_Playoffs,LAN,Search and Destroy,Fringe,OpTic Gaming,Overdrive,Scump,NA,4,8,0,NA,3,Team SoloMid,6
NA_Stage1_Playoffs_OpTic Gaming_Team SoloMid_5,NA_Stage1_Playoffs,LAN,Search and Destroy,Fringe,OpTic Gaming,Glitch,Crimsix,NA,7,7,1,NA,3,Team SoloMid,6
NA_Stage1_Playoffs_OpTic Gaming_Team SoloMid_5,NA_Stage1_Playoffs,LAN,Search and Destroy,Fringe,OpTic Gaming,Heat Wave,Karma,NA,4,8,1,NA,3,Team SoloMid,6
NA_Stage1_Playoffs_OpTic Gaming_Team SoloMid_5,NA_Stage1_Playoffs,LAN,Search and Destroy,Fringe,OpTic Gaming,Active C,FormaL,NA,6,8,0,NA,3,Team SoloMid,6
NA_Stage1_Playoffs_OpTic Gaming_Team SoloMid_5,NA_Stage1_Playoffs,LAN,Search and Destroy,Fringe,Team SoloMid,Glitch,Pacman,NA,8,6,1,NA,3,OpTic Gaming,6
NA_Stage1_Playoffs_OpTic Gaming_Team SoloMid_5,NA_Stage1_Playoffs,LAN,Search and Destroy,Fringe,Team SoloMid,Active C,ColeChan,NA,5,4,0,NA,3,OpTic Gaming,6
NA_Stage1_Playoffs_OpTic Gaming_Team SoloMid_5,NA_Stage1_Playoffs,LAN,Search and Destroy,Fringe,Team SoloMid,Psychosis,Ivy,NA,11,6,1,NA,3,OpTic Gaming,6
NA_Stage1_Playoffs_OpTic Gaming_Team SoloMid_5,NA_Stage1_Playoffs,LAN,Search and Destroy,Fringe,Team SoloMid,Heat Wave,Whea7s,NA,7,5,1,NA,3,OpTic Gaming,6
NA_Stage1_Playoffs_OpTic Gaming_Team SoloMid_6,NA_Stage1_Playoffs,LAN,Hardpoint,Evac,OpTic Gaming,Kinetic A,Scump,NA,43,23,2:23,NA,250,Team SoloMid,135
NA_Stage1_Playoffs_OpTic Gaming_Team SoloMid_6,NA_Stage1_Playoffs,LAN,Hardpoint,Evac,OpTic Gaming,Active C,Crimsix,NA,22,24,1:15,NA,250,Team SoloMid,135
NA_Stage1_Playoffs_OpTic Gaming_Team SoloMid_6,NA_Stage1_Playoffs,LAN,Hardpoint,Evac,OpTic Gaming,Psychosis,Karma,NA,28,25,1:03,NA,250,Team SoloMid,135
NA_Stage1_Playoffs_OpTic Gaming_Team SoloMid_6,NA_Stage1_Playoffs,LAN,Hardpoint,Evac,OpTic Gaming,Scythe,FormaL,NA,25,21,1:35,NA,250,Team SoloMid,135
NA_Stage1_Playoffs_OpTic Gaming_Team SoloMid_6,NA_Stage1_Playoffs,LAN,Hardpoint,Evac,Team SoloMid,Psychosis,Pacman,NA,21,31,0:20,NA,250,OpTic Gaming,135
NA_Stage1_Playoffs_OpTic Gaming_Team SoloMid_6,NA_Stage1_Playoffs,LAN,Hardpoint,Evac,Team SoloMid,Kinetic A,ColeChan,NA,23,31,0:32,NA,250,OpTic Gaming,135
NA_Stage1_Playoffs_OpTic Gaming_Team SoloMid_6,NA_Stage1_Playoffs,LAN,Hardpoint,Evac,Team SoloMid,Active C,Ivy,NA,23,30,1:02,NA,250,OpTic Gaming,135
NA_Stage1_Playoffs_OpTic Gaming_Team SoloMid_6,NA_Stage1_Playoffs,LAN,Hardpoint,Evac,Team SoloMid,Scythe,Whea7s,NA,25,27,1:01,NA,250,OpTic Gaming,135
NA_Stage1_Playoffs_OpTic Gaming_Team SoloMid_7,NA_Stage1_Playoffs,LAN,Search and Destroy,Stronghold,OpTic Gaming,Vision P,Scump,NA,8,6,2,NA,6,Team SoloMid,3
NA_Stage1_Playoffs_OpTic Gaming_Team SoloMid_7,NA_Stage1_Playoffs,LAN,Search and Destroy,Stronghold,OpTic Gaming,Psychosis,Crimsix,NA,6,7,0,NA,6,Team SoloMid,3
NA_Stage1_Playoffs_OpTic Gaming_Team SoloMid_7,NA_Stage1_Playoffs,LAN,Search and Destroy,Stronghold,OpTic Gaming,Heat Wave,Karma,NA,4,5,0,NA,6,Team SoloMid,3
NA_Stage1_Playoffs_OpTic Gaming_Team SoloMid_7,NA_Stage1_Playoffs,LAN,Search and Destroy,Stronghold,OpTic Gaming,Active C,FormaL,NA,9,6,0,NA,6,Team SoloMid,3
NA_Stage1_Playoffs_OpTic Gaming_Team SoloMid_7,NA_Stage1_Playoffs,LAN,Search and Destroy,Stronghold,Team SoloMid,Glitch,Pacman,NA,5,7,0,NA,6,OpTic Gaming,3
NA_Stage1_Playoffs_OpTic Gaming_Team SoloMid_7,NA_Stage1_Playoffs,LAN,Search and Destroy,Stronghold,Team SoloMid,Active C,ColeChan,NA,6,7,0,NA,6,OpTic Gaming,3
NA_Stage1_Playoffs_OpTic Gaming_Team SoloMid_7,NA_Stage1_Playoffs,LAN,Search and Destroy,Stronghold,Team SoloMid,Psychosis,Ivy,NA,11,6,3,NA,6,OpTic Gaming,3
NA_Stage1_Playoffs_OpTic Gaming_Team SoloMid_7,NA_Stage1_Playoffs,LAN,Search and Destroy,Stronghold,Team SoloMid,Heat Wave,Whea7s,NA,2,7,0,NA,6,OpTic Gaming,3
NA_Stage1_Playoffs_Elevate_Team Envy_1,NA_Stage1_Playoffs,LAN,Hardpoint,Fringe,Elevate,Active C,Nagafen,NA,38,27,1:17,NA,250,Team Envy,77
NA_Stage1_Playoffs_Elevate_Team Envy_1,NA_Stage1_Playoffs,LAN,Hardpoint,Fringe,Elevate,Kinetic A,Remy,NA,35,33,1:05,NA,250,Team Envy,77
NA_Stage1_Playoffs_Elevate_Team Envy_1,NA_Stage1_Playoffs,LAN,Hardpoint,Fringe,Elevate,Scythe,Aqua,NA,29,17,1:46,NA,250,Team Envy,77
NA_Stage1_Playoffs_Elevate_Team Envy_1,NA_Stage1_Playoffs,LAN,Hardpoint,Fringe,Elevate,Heat Wave,Faccento,NA,23,24,1:33,NA,250,Team Envy,77
NA_Stage1_Playoffs_Elevate_Team Envy_1,NA_Stage1_Playoffs,LAN,Hardpoint,Fringe,Team Envy,Kinetic A,TeePee,NA,27,28,0:43,NA,250,Elevate,77
NA_Stage1_Playoffs_Elevate_Team Envy_1,NA_Stage1_Playoffs,LAN,Hardpoint,Fringe,Team Envy,Scythe,JKap,NA,22,33,0:25,NA,250,Elevate,77
NA_Stage1_Playoffs_Elevate_Team Envy_1,NA_Stage1_Playoffs,LAN,Hardpoint,Fringe,Team Envy,Heat Wave,SlasheR,NA,30,30,0:15,NA,250,Elevate,77
NA_Stage1_Playoffs_Elevate_Team Envy_1,NA_Stage1_Playoffs,LAN,Hardpoint,Fringe,Team Envy,Active C,ACHES,NA,22,34,0:11,NA,250,Elevate,77
NA_Stage1_Playoffs_Elevate_Team Envy_2,NA_Stage1_Playoffs,LAN,Search and Destroy,Hunted,Elevate,Active C,Nagafen,NA,9,6,0,NA,3,Team Envy,6
NA_Stage1_Playoffs_Elevate_Team Envy_2,NA_Stage1_Playoffs,LAN,Search and Destroy,Hunted,Elevate,Heat Wave,Remy,NA,5,6,1,NA,3,Team Envy,6
NA_Stage1_Playoffs_Elevate_Team Envy_2,NA_Stage1_Playoffs,LAN,Search and Destroy,Hunted,Elevate,Kinetic A,Aqua,NA,5,6,0,NA,3,Team Envy,6
NA_Stage1_Playoffs_Elevate_Team Envy_2,NA_Stage1_Playoffs,LAN,Search and Destroy,Hunted,Elevate,Vision P,Faccento,NA,7,7,0,NA,3,Team Envy,6
NA_Stage1_Playoffs_Elevate_Team Envy_2,NA_Stage1_Playoffs,LAN,Search and Destroy,Hunted,Team Envy,Heat Wave,TeePee,NA,6,8,3,NA,3,Elevate,6
NA_Stage1_Playoffs_Elevate_Team Envy_2,NA_Stage1_Playoffs,LAN,Search and Destroy,Hunted,Team Envy,Psychosis,JKap,NA,6,6,1,NA,3,Elevate,6
NA_Stage1_Playoffs_Elevate_Team Envy_2,NA_Stage1_Playoffs,LAN,Search and Destroy,Hunted,Team Envy,Active C,SlasheR,NA,7,7,0,NA,3,Elevate,6
NA_Stage1_Playoffs_Elevate_Team Envy_2,NA_Stage1_Playoffs,LAN,Search and Destroy,Hunted,Team Envy,Kinetic A,ACHES,NA,6,5,0,NA,3,Elevate,6
NA_Stage1_Playoffs_Elevate_Team Envy_3,NA_Stage1_Playoffs,LAN,Uplink,Breach,Elevate,Active C,Nagafen,NA,23,24,2,NA,11,Team Envy,14
NA_Stage1_Playoffs_Elevate_Team Envy_3,NA_Stage1_Playoffs,LAN,Uplink,Breach,Elevate,Kinetic A,Remy,NA,23,23,0,NA,11,Team Envy,14
NA_Stage1_Playoffs_Elevate_Team Envy_3,NA_Stage1_Playoffs,LAN,Uplink,Breach,Elevate,Scythe,Aqua,NA,15,23,1,NA,11,Team Envy,14
NA_Stage1_Playoffs_Elevate_Team Envy_3,NA_Stage1_Playoffs,LAN,Uplink,Breach,Elevate,Heat Wave,Faccento,NA,20,21,2,NA,11,Team Envy,14
NA_Stage1_Playoffs_Elevate_Team Envy_3,NA_Stage1_Playoffs,LAN,Uplink,Breach,Team Envy,Heat Wave,TeePee,NA,21,21,0,NA,11,Elevate,14
NA_Stage1_Playoffs_Elevate_Team Envy_3,NA_Stage1_Playoffs,LAN,Uplink,Breach,Team Envy,Scythe,JKap,NA,30,18,0,NA,11,Elevate,14
NA_Stage1_Playoffs_Elevate_Team Envy_3,NA_Stage1_Playoffs,LAN,Uplink,Breach,Team Envy,Active C,SlasheR,NA,18,22,4,NA,11,Elevate,14
NA_Stage1_Playoffs_Elevate_Team Envy_3,NA_Stage1_Playoffs,LAN,Uplink,Breach,Team Envy,Kinetic A,ACHES,NA,21,21,1,NA,11,Elevate,14
NA_Stage1_Playoffs_Elevate_Team Envy_4,NA_Stage1_Playoffs,LAN,Capture the Flag,Stronghold,Elevate,Active C,Nagafen,NA,25,11,0,NA,3,Team Envy,0
NA_Stage1_Playoffs_Elevate_Team Envy_4,NA_Stage1_Playoffs,LAN,Capture the Flag,Stronghold,Elevate,Kinetic A,Remy,NA,19,19,0,NA,3,Team Envy,0
NA_Stage1_Playoffs_Elevate_Team Envy_4,NA_Stage1_Playoffs,LAN,Capture the Flag,Stronghold,Elevate,Scythe,Aqua,NA,15,13,3,NA,3,Team Envy,0
NA_Stage1_Playoffs_Elevate_Team Envy_4,NA_Stage1_Playoffs,LAN,Capture the Flag,Stronghold,Elevate,Heat Wave,Faccento,NA,12,19,0,NA,3,Team Envy,0
NA_Stage1_Playoffs_Elevate_Team Envy_4,NA_Stage1_Playoffs,LAN,Capture the Flag,Stronghold,Team Envy,Heat Wave,TeePee,NA,13,16,0,NA,3,Elevate,0
NA_Stage1_Playoffs_Elevate_Team Envy_4,NA_Stage1_Playoffs,LAN,Capture the Flag,Stronghold,Team Envy,Scythe,JKap,NA,16,18,0,NA,3,Elevate,0
NA_Stage1_Playoffs_Elevate_Team Envy_4,NA_Stage1_Playoffs,LAN,Capture the Flag,Stronghold,Team Envy,Active C,SlasheR,NA,16,19,0,NA,3,Elevate,0
NA_Stage1_Playoffs_Elevate_Team Envy_4,NA_Stage1_Playoffs,LAN,Capture the Flag,Stronghold,Team Envy,Kinetic A,ACHES,NA,16,18,0,NA,3,Elevate,0
NA_Stage1_Playoffs_Elevate_Team Envy_5,NA_Stage1_Playoffs,LAN,Search and Destroy,Fringe,Elevate,Active C,Nagafen,NA,7,5,0,NA,6,Team Envy,3
NA_Stage1_Playoffs_Elevate_Team Envy_5,NA_Stage1_Playoffs,LAN,Search and Destroy,Fringe,Elevate,Heat Wave,Remy,NA,5,6,2,NA,6,Team Envy,3
NA_Stage1_Playoffs_Elevate_Team Envy_5,NA_Stage1_Playoffs,LAN,Search and Destroy,Fringe,Elevate,Kinetic A,Aqua,NA,6,6,0,NA,6,Team Envy,3
NA_Stage1_Playoffs_Elevate_Team Envy_5,NA_Stage1_Playoffs,LAN,Search and Destroy,Fringe,Elevate,Vision P,Faccento,NA,11,5,0,NA,6,Team Envy,3
NA_Stage1_Playoffs_Elevate_Team Envy_5,NA_Stage1_Playoffs,LAN,Search and Destroy,Fringe,Team Envy,Heat Wave,TeePee,NA,4,7,1,NA,6,Elevate,3
NA_Stage1_Playoffs_Elevate_Team Envy_5,NA_Stage1_Playoffs,LAN,Search and Destroy,Fringe,Team Envy,Psychosis,JKap,NA,5,8,0,NA,6,Elevate,3
NA_Stage1_Playoffs_Elevate_Team Envy_5,NA_Stage1_Playoffs,LAN,Search and Destroy,Fringe,Team Envy,Active C,SlasheR,NA,8,6,0,NA,6,Elevate,3
NA_Stage1_Playoffs_Elevate_Team Envy_5,NA_Stage1_Playoffs,LAN,Search and Destroy,Fringe,Team Envy,Kinetic A,ACHES,NA,5,8,0,NA,6,Elevate,3
NA_Stage1_Playoffs_Elevate_Team Envy_6,NA_Stage1_Playoffs,LAN,Hardpoint,Evac,Elevate,Kinetic A,Nagafen,NA,35,30,2:20,NA,250,Team Envy,223
NA_Stage1_Playoffs_Elevate_Team Envy_6,NA_Stage1_Playoffs,LAN,Hardpoint,Evac,Elevate,Purifier,Remy,NA,34,35,1:47,NA,250,Team Envy,223
NA_Stage1_Playoffs_Elevate_Team Envy_6,NA_Stage1_Playoffs,LAN,Hardpoint,Evac,Elevate,Scythe,Aqua,NA,33,31,0:51,NA,250,Team Envy,223
NA_Stage1_Playoffs_Elevate_Team Envy_6,NA_Stage1_Playoffs,LAN,Hardpoint,Evac,Elevate,Heat Wave,Faccento,NA,31,31,1:04,NA,250,Team Envy,223
NA_Stage1_Playoffs_Elevate_Team Envy_6,NA_Stage1_Playoffs,LAN,Hardpoint,Evac,Team Envy,Heat Wave,TeePee,NA,37,31,2:02,NA,250,Elevate,223
NA_Stage1_Playoffs_Elevate_Team Envy_6,NA_Stage1_Playoffs,LAN,Hardpoint,Evac,Team Envy,Scythe,JKap,NA,32,35,1:13,NA,250,Elevate,223
NA_Stage1_Playoffs_Elevate_Team Envy_6,NA_Stage1_Playoffs,LAN,Hardpoint,Evac,Team Envy,Kinetic A,SlasheR,NA,33,31,1:02,NA,250,Elevate,223
NA_Stage1_Playoffs_Elevate_Team Envy_6,NA_Stage1_Playoffs,LAN,Hardpoint,Evac,Team Envy,Purifier,ACHES,NA,24,36,1:12,NA,250,Elevate,223
NA_Stage1_Playoffs_FaZe Clan_compLexity Gaming_1,NA_Stage1_Playoffs,LAN,Hardpoint,Fringe,FaZe Clan,Active C,Enable,NA,36,27,2:14,NA,250,compLexity Gaming,213
NA_Stage1_Playoffs_FaZe Clan_compLexity Gaming_1,NA_Stage1_Playoffs,LAN,Hardpoint,Fringe,FaZe Clan,Tempest,Clayster,NA,36,30,0:37,NA,250,compLexity Gaming,213
NA_Stage1_Playoffs_FaZe Clan_compLexity Gaming_1,NA_Stage1_Playoffs,LAN,Hardpoint,Fringe,FaZe Clan,Kinetic A,Attach,NA,36,31,0:53,NA,250,compLexity Gaming,213
NA_Stage1_Playoffs_FaZe Clan_compLexity Gaming_1,NA_Stage1_Playoffs,LAN,Hardpoint,Fringe,FaZe Clan,Scythe,ZooMaa,NA,39,35,1:26,NA,250,compLexity Gaming,213
NA_Stage1_Playoffs_FaZe Clan_compLexity Gaming_1,NA_Stage1_Playoffs,LAN,Hardpoint,Fringe,compLexity Gaming,Tempest,Ricky,NA,30,37,1:38,NA,250,FaZe Clan,213
NA_Stage1_Playoffs_FaZe Clan_compLexity Gaming_1,NA_Stage1_Playoffs,LAN,Hardpoint,Fringe,compLexity Gaming,Kinetic A,MiRx,NA,35,35,0:44,NA,250,FaZe Clan,213
NA_Stage1_Playoffs_FaZe Clan_compLexity Gaming_1,NA_Stage1_Playoffs,LAN,Hardpoint,Fringe,compLexity Gaming,Scythe,NAMELESS,NA,37,36,1:23,NA,250,FaZe Clan,213
NA_Stage1_Playoffs_FaZe Clan_compLexity Gaming_1,NA_Stage1_Playoffs,LAN,Hardpoint,Fringe,compLexity Gaming,Active C,Parasite,NA,21,39,0:46,NA,250,FaZe Clan,213
NA_Stage1_Playoffs_FaZe Clan_compLexity Gaming_2,NA_Stage1_Playoffs,LAN,Search and Destroy,Hunted,FaZe Clan,Heat Wave,Enable,NA,9,7,4,NA,6,compLexity Gaming,4
NA_Stage1_Playoffs_FaZe Clan_compLexity Gaming_2,NA_Stage1_Playoffs,LAN,Search and Destroy,Hunted,FaZe Clan,Vision P,Clayster,NA,7,8,0,NA,6,compLexity Gaming,4
NA_Stage1_Playoffs_FaZe Clan_compLexity Gaming_2,NA_Stage1_Playoffs,LAN,Search and Destroy,Hunted,FaZe Clan,Kinetic A,Attach,NA,3,8,0,NA,6,compLexity Gaming,4
NA_Stage1_Playoffs_FaZe Clan_compLexity Gaming_2,NA_Stage1_Playoffs,LAN,Search and Destroy,Hunted,FaZe Clan,Overdrive,ZooMaa,NA,12,10,0,NA,6,compLexity Gaming,4
NA_Stage1_Playoffs_FaZe Clan_compLexity Gaming_2,NA_Stage1_Playoffs,LAN,Search and Destroy,Hunted,compLexity Gaming,Vision P,Ricky,NA,11,7,3,NA,6,FaZe Clan,4
NA_Stage1_Playoffs_FaZe Clan_compLexity Gaming_2,NA_Stage1_Playoffs,LAN,Search and Destroy,Hunted,compLexity Gaming,Overdrive,MiRx,NA,8,9,0,NA,6,FaZe Clan,4
NA_Stage1_Playoffs_FaZe Clan_compLexity Gaming_2,NA_Stage1_Playoffs,LAN,Search and Destroy,Hunted,compLexity Gaming,Kinetic A,NAMELESS,NA,8,7,0,NA,6,FaZe Clan,4
NA_Stage1_Playoffs_FaZe Clan_compLexity Gaming_2,NA_Stage1_Playoffs,LAN,Search and Destroy,Hunted,compLexity Gaming,Heat Wave,Parasite,NA,6,8,2,NA,6,FaZe Clan,4
NA_Stage1_Playoffs_FaZe Clan_compLexity Gaming_3,NA_Stage1_Playoffs,LAN,Uplink,Breach,FaZe Clan,Psychosis,Enable,NA,19,18,2,NA,10,compLexity Gaming,7
NA_Stage1_Playoffs_FaZe Clan_compLexity Gaming_3,NA_Stage1_Playoffs,LAN,Uplink,Breach,FaZe Clan,Tempest,Clayster,NA,16,22,0,NA,10,compLexity Gaming,7
NA_Stage1_Playoffs_FaZe Clan_compLexity Gaming_3,NA_Stage1_Playoffs,LAN,Uplink,Breach,FaZe Clan,Kinetic A,Attach,NA,25,18,1,NA,10,compLexity Gaming,7
NA_Stage1_Playoffs_FaZe Clan_compLexity Gaming_3,NA_Stage1_Playoffs,LAN,Uplink,Breach,FaZe Clan,Scythe,ZooMaa,NA,25,23,0,NA,10,compLexity Gaming,7
NA_Stage1_Playoffs_FaZe Clan_compLexity Gaming_3,NA_Stage1_Playoffs,LAN,Uplink,Breach,compLexity Gaming,Scythe,Ricky,NA,20,19,0,NA,10,FaZe Clan,7
NA_Stage1_Playoffs_FaZe Clan_compLexity Gaming_3,NA_Stage1_Playoffs,LAN,Uplink,Breach,compLexity Gaming,Kinetic A,MiRx,NA,16,21,2,NA,10,FaZe Clan,7
NA_Stage1_Playoffs_FaZe Clan_compLexity Gaming_3,NA_Stage1_Playoffs,LAN,Uplink,Breach,compLexity Gaming,Annihilator,NAMELESS,NA,21,25,1,NA,10,FaZe Clan,7
NA_Stage1_Playoffs_FaZe Clan_compLexity Gaming_3,NA_Stage1_Playoffs,LAN,Uplink,Breach,compLexity Gaming,Psychosis,Parasite,NA,21,20,0,NA,10,FaZe Clan,7
NA_Stage1_Playoffs_FaZe Clan_compLexity Gaming_4,NA_Stage1_Playoffs,LAN,Capture the Flag,Stronghold,FaZe Clan,Heat Wave,Enable,NA,16,20,1,NA,2,compLexity Gaming,1
NA_Stage1_Playoffs_FaZe Clan_compLexity Gaming_4,NA_Stage1_Playoffs,LAN,Capture the Flag,Stronghold,FaZe Clan,Tempest,Clayster,NA,15,21,0,NA,2,compLexity Gaming,1
NA_Stage1_Playoffs_FaZe Clan_compLexity Gaming_4,NA_Stage1_Playoffs,LAN,Capture the Flag,Stronghold,FaZe Clan,Kinetic A,Attach,NA,20,22,1,NA,2,compLexity Gaming,1
NA_Stage1_Playoffs_FaZe Clan_compLexity Gaming_4,NA_Stage1_Playoffs,LAN,Capture the Flag,Stronghold,FaZe Clan,Scythe,ZooMaa,NA,29,22,0,NA,2,compLexity Gaming,1
NA_Stage1_Playoffs_FaZe Clan_compLexity Gaming_4,NA_Stage1_Playoffs,LAN,Capture the Flag,Stronghold,compLexity Gaming,Vision P,Ricky,NA,23,16,0,NA,2,FaZe Clan,1
NA_Stage1_Playoffs_FaZe Clan_compLexity Gaming_4,NA_Stage1_Playoffs,LAN,Capture the Flag,Stronghold,compLexity Gaming,Heat Wave,MiRx,NA,27,20,0,NA,2,FaZe Clan,1
NA_Stage1_Playoffs_FaZe Clan_compLexity Gaming_4,NA_Stage1_Playoffs,LAN,Capture the Flag,Stronghold,compLexity Gaming,Scythe,NAMELESS,NA,18,22,0,NA,2,FaZe Clan,1
NA_Stage1_Playoffs_FaZe Clan_compLexity Gaming_4,NA_Stage1_Playoffs,LAN,Capture the Flag,Stronghold,compLexity Gaming,Kinetic A,Parasite,NA,17,22,1,NA,2,FaZe Clan,1
NA_Stage1_Playoffs_Rise Nation_FaZe Clan_1,NA_Stage1_Playoffs,LAN,Hardpoint,Evac,Rise Nation,Active C,Classic,NA,30,29,1:35,NA,250,FaZe Clan,219
NA_Stage1_Playoffs_Rise Nation_FaZe Clan_1,NA_Stage1_Playoffs,LAN,Hardpoint,Evac,Rise Nation,Kinetic A,Slacked,NA,22,31,1:32,NA,250,FaZe Clan,219
NA_Stage1_Playoffs_Rise Nation_FaZe Clan_1,NA_Stage1_Playoffs,LAN,Hardpoint,Evac,Rise Nation,Annihilator,Octane,NA,28,20,2:04,NA,250,FaZe Clan,219
NA_Stage1_Playoffs_Rise Nation_FaZe Clan_1,NA_Stage1_Playoffs,LAN,Hardpoint,Evac,Rise Nation,Heat Wave,Loony,NA,35,27,1:06,NA,250,FaZe Clan,219
NA_Stage1_Playoffs_Rise Nation_FaZe Clan_1,NA_Stage1_Playoffs,LAN,Hardpoint,Evac,FaZe Clan,Tempest,Clayster,NA,28,29,0:46,NA,250,Rise Nation,219
NA_Stage1_Playoffs_Rise Nation_FaZe Clan_1,NA_Stage1_Playoffs,LAN,Hardpoint,Evac,FaZe Clan,Kinetic A,Attach,NA,19,28,0:52,NA,250,Rise Nation,219
NA_Stage1_Playoffs_Rise Nation_FaZe Clan_1,NA_Stage1_Playoffs,LAN,Hardpoint,Evac,FaZe Clan,Active C,ZooMaa,NA,33,34,1:35,NA,250,Rise Nation,219
NA_Stage1_Playoffs_Rise Nation_FaZe Clan_1,NA_Stage1_Playoffs,LAN,Hardpoint,Evac,FaZe Clan,Heat Wave,Enable,NA,26,25,1:34,NA,250,Rise Nation,219
NA_Stage1_Playoffs_Rise Nation_FaZe Clan_2,NA_Stage1_Playoffs,LAN,Search and Destroy,Redwood,Rise Nation,Active C,Classic,NA,9,4,1,NA,6,FaZe Clan,3
NA_Stage1_Playoffs_Rise Nation_FaZe Clan_2,NA_Stage1_Playoffs,LAN,Search and Destroy,Redwood,Rise Nation,Kinetic A,Slacked,NA,3,3,2,NA,6,FaZe Clan,3
NA_Stage1_Playoffs_Rise Nation_FaZe Clan_2,NA_Stage1_Playoffs,LAN,Search and Destroy,Redwood,Rise Nation,Vision P,Octane,NA,11,3,0,NA,6,FaZe Clan,3
NA_Stage1_Playoffs_Rise Nation_FaZe Clan_2,NA_Stage1_Playoffs,LAN,Search and Destroy,Redwood,Rise Nation,Psychosis,Loony,NA,8,2,0,NA,6,FaZe Clan,3
NA_Stage1_Playoffs_Rise Nation_FaZe Clan_2,NA_Stage1_Playoffs,LAN,Search and Destroy,Redwood,FaZe Clan,Glitch,Clayster,NA,1,7,0,NA,6,Rise Nation,3
NA_Stage1_Playoffs_Rise Nation_FaZe Clan_2,NA_Stage1_Playoffs,LAN,Search and Destroy,Redwood,FaZe Clan,Kinetic A,Attach,NA,2,8,0,NA,6,Rise Nation,3
NA_Stage1_Playoffs_Rise Nation_FaZe Clan_2,NA_Stage1_Playoffs,LAN,Search and Destroy,Redwood,FaZe Clan,Overdrive,ZooMaa,NA,3,8,2,NA,6,Rise Nation,3
NA_Stage1_Playoffs_Rise Nation_FaZe Clan_2,NA_Stage1_Playoffs,LAN,Search and Destroy,Redwood,FaZe Clan,Active C,Enable,NA,6,8,1,NA,6,Rise Nation,3
NA_Stage1_Playoffs_Rise Nation_FaZe Clan_3,NA_Stage1_Playoffs,LAN,Uplink,Infection,Rise Nation,Tempest,Classic,NA,24,19,2,NA,7,FaZe Clan,2
NA_Stage1_Playoffs_Rise Nation_FaZe Clan_3,NA_Stage1_Playoffs,LAN,Uplink,Infection,Rise Nation,Kinetic A,Slacked,NA,19,20,0,NA,7,FaZe Clan,2
NA_Stage1_Playoffs_Rise Nation_FaZe Clan_3,NA_Stage1_Playoffs,LAN,Uplink,Infection,Rise Nation,Scythe,Octane,NA,25,19,0,NA,7,FaZe Clan,2
NA_Stage1_Playoffs_Rise Nation_FaZe Clan_3,NA_Stage1_Playoffs,LAN,Uplink,Infection,Rise Nation,Heat Wave,Loony,NA,15,21,1,NA,7,FaZe Clan,2
NA_Stage1_Playoffs_Rise Nation_FaZe Clan_3,NA_Stage1_Playoffs,LAN,Uplink,Infection,FaZe Clan,Tempest,Clayster,NA,19,24,0,NA,7,Rise Nation,2
NA_Stage1_Playoffs_Rise Nation_FaZe Clan_3,NA_Stage1_Playoffs,LAN,Uplink,Infection,FaZe Clan,Kinetic A,Attach,NA,22,16,0,NA,7,Rise Nation,2
NA_Stage1_Playoffs_Rise Nation_FaZe Clan_3,NA_Stage1_Playoffs,LAN,Uplink,Infection,FaZe Clan,Annihilator,ZooMaa,NA,14,22,0,NA,7,Rise Nation,2
NA_Stage1_Playoffs_Rise Nation_FaZe Clan_3,NA_Stage1_Playoffs,LAN,Uplink,Infection,FaZe Clan,Heat Wave,Enable,NA,24,21,0,NA,7,Rise Nation,2
NA_Stage1_Playoffs_Rise Nation_FaZe Clan_4,NA_Stage1_Playoffs,LAN,Capture the Flag,Fringe,Rise Nation,Tempest,Classic,NA,18,17,1,NA,4,FaZe Clan,2
NA_Stage1_Playoffs_Rise Nation_FaZe Clan_4,NA_Stage1_Playoffs,LAN,Capture the Flag,Fringe,Rise Nation,Kinetic A,Slacked,NA,19,18,0,NA,4,FaZe Clan,2
NA_Stage1_Playoffs_Rise Nation_FaZe Clan_4,NA_Stage1_Playoffs,LAN,Capture the Flag,Fringe,Rise Nation,Scythe,Octane,NA,17,16,0,NA,4,FaZe Clan,2
NA_Stage1_Playoffs_Rise Nation_FaZe Clan_4,NA_Stage1_Playoffs,LAN,Capture the Flag,Fringe,Rise Nation,Heat Wave,Loony,NA,25,13,3,NA,4,FaZe Clan,2
NA_Stage1_Playoffs_Rise Nation_FaZe Clan_4,NA_Stage1_Playoffs,LAN,Capture the Flag,Fringe,FaZe Clan,Tempest,Clayster,NA,23,19,1,NA,4,Rise Nation,2
NA_Stage1_Playoffs_Rise Nation_FaZe Clan_4,NA_Stage1_Playoffs,LAN,Capture the Flag,Fringe,FaZe Clan,Kinetic A,Attach,NA,11,18,0,NA,4,Rise Nation,2
NA_Stage1_Playoffs_Rise Nation_FaZe Clan_4,NA_Stage1_Playoffs,LAN,Capture the Flag,Fringe,FaZe Clan,Annihilator,ZooMaa,NA,14,24,1,NA,4,Rise Nation,2
NA_Stage1_Playoffs_Rise Nation_FaZe Clan_4,NA_Stage1_Playoffs,LAN,Capture the Flag,Fringe,FaZe Clan,Heat Wave,Enable,NA,15,18,0,NA,4,Rise Nation,2
NA_Stage1_Playoffs_OpTic Gaming_Elevate_1,NA_Stage1_Playoffs,LAN,Hardpoint,Evac,OpTic Gaming,Heat Wave,Karma,NA,29,26,1:42,NA,250,Elevate,149
NA_Stage1_Playoffs_OpTic Gaming_Elevate_1,NA_Stage1_Playoffs,LAN,Hardpoint,Evac,OpTic Gaming,Kinetic A,Scump,NA,32,31,1:12,NA,250,Elevate,149
NA_Stage1_Playoffs_OpTic Gaming_Elevate_1,NA_Stage1_Playoffs,LAN,Hardpoint,Evac,OpTic Gaming,Active C,Crimsix,NA,37,33,1:10,NA,250,Elevate,149
NA_Stage1_Playoffs_OpTic Gaming_Elevate_1,NA_Stage1_Playoffs,LAN,Hardpoint,Evac,OpTic Gaming,Scythe,FormaL,NA,36,17,2:08,NA,250,Elevate,149
NA_Stage1_Playoffs_OpTic Gaming_Elevate_1,NA_Stage1_Playoffs,LAN,Hardpoint,Evac,Elevate,Scythe,Aqua,NA,33,33,0:54,NA,250,OpTic Gaming,149
NA_Stage1_Playoffs_OpTic Gaming_Elevate_1,NA_Stage1_Playoffs,LAN,Hardpoint,Evac,Elevate,Kinetic A,Remy,NA,19,35,0:44,NA,250,OpTic Gaming,149
NA_Stage1_Playoffs_OpTic Gaming_Elevate_1,NA_Stage1_Playoffs,LAN,Hardpoint,Evac,Elevate,Purifier,Nagafen,NA,34,32,0:57,NA,250,OpTic Gaming,149
NA_Stage1_Playoffs_OpTic Gaming_Elevate_1,NA_Stage1_Playoffs,LAN,Hardpoint,Evac,Elevate,Heat Wave,Faccento,NA,21,34,0:55,NA,250,OpTic Gaming,149
NA_Stage1_Playoffs_OpTic Gaming_Elevate_2,NA_Stage1_Playoffs,LAN,Search and Destroy,Redwood,OpTic Gaming,Heat Wave,Karma,NA,7,9,0,NA,6,Elevate,4
NA_Stage1_Playoffs_OpTic Gaming_Elevate_2,NA_Stage1_Playoffs,LAN,Search and Destroy,Redwood,OpTic Gaming,Kinetic A,Scump,NA,5,7,3,NA,6,Elevate,4
NA_Stage1_Playoffs_OpTic Gaming_Elevate_2,NA_Stage1_Playoffs,LAN,Search and Destroy,Redwood,OpTic Gaming,Vision P,Crimsix,NA,7,7,0,NA,6,Elevate,4
NA_Stage1_Playoffs_OpTic Gaming_Elevate_2,NA_Stage1_Playoffs,LAN,Search and Destroy,Redwood,OpTic Gaming,Active C,FormaL,NA,8,4,0,NA,6,Elevate,4
NA_Stage1_Playoffs_OpTic Gaming_Elevate_2,NA_Stage1_Playoffs,LAN,Search and Destroy,Redwood,Elevate,Kinetic A,Aqua,NA,7,7,0,NA,6,OpTic Gaming,4
NA_Stage1_Playoffs_OpTic Gaming_Elevate_2,NA_Stage1_Playoffs,LAN,Search and Destroy,Redwood,Elevate,Heat Wave,Remy,NA,9,7,2,NA,6,OpTic Gaming,4
NA_Stage1_Playoffs_OpTic Gaming_Elevate_2,NA_Stage1_Playoffs,LAN,Search and Destroy,Redwood,Elevate,Active C,Nagafen,NA,7,7,2,NA,6,OpTic Gaming,4
NA_Stage1_Playoffs_OpTic Gaming_Elevate_2,NA_Stage1_Playoffs,LAN,Search and Destroy,Redwood,Elevate,Vision P,Faccento,NA,4,7,0,NA,6,OpTic Gaming,4
NA_Stage1_Playoffs_OpTic Gaming_Elevate_3,NA_Stage1_Playoffs,LAN,Uplink,Infection,OpTic Gaming,Heat Wave,Karma,NA,27,20,1,NA,11,Elevate,1
NA_Stage1_Playoffs_OpTic Gaming_Elevate_3,NA_Stage1_Playoffs,LAN,Uplink,Infection,OpTic Gaming,Kinetic A,Scump,NA,22,18,0,NA,11,Elevate,1
NA_Stage1_Playoffs_OpTic Gaming_Elevate_3,NA_Stage1_Playoffs,LAN,Uplink,Infection,OpTic Gaming,Psychosis,Crimsix,NA,25,20,0,NA,11,Elevate,1
NA_Stage1_Playoffs_OpTic Gaming_Elevate_3,NA_Stage1_Playoffs,LAN,Uplink,Infection,OpTic Gaming,Scythe,FormaL,NA,23,17,1,NA,11,Elevate,1
NA_Stage1_Playoffs_OpTic Gaming_Elevate_3,NA_Stage1_Playoffs,LAN,Uplink,Infection,Elevate,Scythe,Aqua,NA,26,23,0,NA,11,OpTic Gaming,1
NA_Stage1_Playoffs_OpTic Gaming_Elevate_3,NA_Stage1_Playoffs,LAN,Uplink,Infection,Elevate,Kinetic A,Remy,NA,19,23,0,NA,11,OpTic Gaming,1
NA_Stage1_Playoffs_OpTic Gaming_Elevate_3,NA_Stage1_Playoffs,LAN,Uplink,Infection,Elevate,Annihilator,Nagafen,NA,15,24,0,NA,11,OpTic Gaming,1
NA_Stage1_Playoffs_OpTic Gaming_Elevate_3,NA_Stage1_Playoffs,LAN,Uplink,Infection,Elevate,Heat Wave,Faccento,NA,15,27,0,NA,11,OpTic Gaming,1
NA_Stage1_Playoffs_OpTic Gaming_Elevate_4,NA_Stage1_Playoffs,LAN,Capture the Flag,Fringe,OpTic Gaming,Heat Wave,Karma,NA,15,18,1,NA,3,Elevate,1
NA_Stage1_Playoffs_OpTic Gaming_Elevate_4,NA_Stage1_Playoffs,LAN,Capture the Flag,Fringe,OpTic Gaming,Kinetic A,Scump,NA,22,18,0,NA,3,Elevate,1
NA_Stage1_Playoffs_OpTic Gaming_Elevate_4,NA_Stage1_Playoffs,LAN,Capture the Flag,Fringe,OpTic Gaming,Vision P,Crimsix,NA,17,16,1,NA,3,Elevate,1
NA_Stage1_Playoffs_OpTic Gaming_Elevate_4,NA_Stage1_Playoffs,LAN,Capture the Flag,Fringe,OpTic Gaming,Scythe,FormaL,NA,24,13,1,NA,3,Elevate,1
NA_Stage1_Playoffs_OpTic Gaming_Elevate_4,NA_Stage1_Playoffs,LAN,Capture the Flag,Fringe,Elevate,Scythe,Aqua,NA,21,18,0,NA,3,OpTic Gaming,1
NA_Stage1_Playoffs_OpTic Gaming_Elevate_4,NA_Stage1_Playoffs,LAN,Capture the Flag,Fringe,Elevate,Kinetic A,Remy,NA,11,20,0,NA,3,OpTic Gaming,1
NA_Stage1_Playoffs_OpTic Gaming_Elevate_4,NA_Stage1_Playoffs,LAN,Capture the Flag,Fringe,Elevate,Vision P,Nagafen,NA,13,20,0,NA,3,OpTic Gaming,1
NA_Stage1_Playoffs_OpTic Gaming_Elevate_4,NA_Stage1_Playoffs,LAN,Capture the Flag,Fringe,Elevate,Heat Wave,Faccento,NA,20,20,1,NA,3,OpTic Gaming,1
NA_Stage1_Playoffs_OpTic Gaming_Rise Nation_1,NA_Stage1_Playoffs,LAN,Hardpoint,Stronghold,OpTic Gaming,Heat Wave,Karma,NA,31,42,1:33,NA,250,Rise Nation,201
NA_Stage1_Playoffs_OpTic Gaming_Rise Nation_1,NA_Stage1_Playoffs,LAN,Hardpoint,Stronghold,OpTic Gaming,Active C,Crimsix,NA,33,32,1:20,NA,250,Rise Nation,201
NA_Stage1_Playoffs_OpTic Gaming_Rise Nation_1,NA_Stage1_Playoffs,LAN,Hardpoint,Stronghold,OpTic Gaming,Scythe,FormaL,NA,40,32,1:21,NA,250,Rise Nation,201
NA_Stage1_Playoffs_OpTic Gaming_Rise Nation_1,NA_Stage1_Playoffs,LAN,Hardpoint,Stronghold,OpTic Gaming,Kinetic A,Scump,NA,35,33,1:33,NA,250,Rise Nation,201
NA_Stage1_Playoffs_OpTic Gaming_Rise Nation_1,NA_Stage1_Playoffs,LAN,Hardpoint,Stronghold,Rise Nation,Scythe,Octane,NA,39,35,1:08,NA,250,OpTic Gaming,201
NA_Stage1_Playoffs_OpTic Gaming_Rise Nation_1,NA_Stage1_Playoffs,LAN,Hardpoint,Stronghold,Rise Nation,Active C,Classic,NA,31,41,1:10,NA,250,OpTic Gaming,201
NA_Stage1_Playoffs_OpTic Gaming_Rise Nation_1,NA_Stage1_Playoffs,LAN,Hardpoint,Stronghold,Rise Nation,Heat Wave,Loony,NA,29,29,0:49,NA,250,OpTic Gaming,201
NA_Stage1_Playoffs_OpTic Gaming_Rise Nation_1,NA_Stage1_Playoffs,LAN,Hardpoint,Stronghold,Rise Nation,Kinetic A,Slacked,NA,40,34,1:25,NA,250,OpTic Gaming,201
NA_Stage1_Playoffs_OpTic Gaming_Rise Nation_2,NA_Stage1_Playoffs,LAN,Search and Destroy,Breach,OpTic Gaming,Heat Wave,Karma,NA,6,4,0,NA,6,Rise Nation,2
NA_Stage1_Playoffs_OpTic Gaming_Rise Nation_2,NA_Stage1_Playoffs,LAN,Search and Destroy,Breach,OpTic Gaming,Vision P,Crimsix,NA,7,4,0,NA,6,Rise Nation,2
NA_Stage1_Playoffs_OpTic Gaming_Rise Nation_2,NA_Stage1_Playoffs,LAN,Search and Destroy,Breach,OpTic Gaming,Active C,FormaL,NA,6,5,0,NA,6,Rise Nation,2
NA_Stage1_Playoffs_OpTic Gaming_Rise Nation_2,NA_Stage1_Playoffs,LAN,Search and Destroy,Breach,OpTic Gaming,Kinetic A,Scump,NA,7,4,4,NA,6,Rise Nation,2
NA_Stage1_Playoffs_OpTic Gaming_Rise Nation_2,NA_Stage1_Playoffs,LAN,Search and Destroy,Breach,Rise Nation,Vision P,Octane,NA,5,6,0,NA,6,OpTic Gaming,2
NA_Stage1_Playoffs_OpTic Gaming_Rise Nation_2,NA_Stage1_Playoffs,LAN,Search and Destroy,Breach,Rise Nation,Active C,Classic,NA,1,7,1,NA,6,OpTic Gaming,2
NA_Stage1_Playoffs_OpTic Gaming_Rise Nation_2,NA_Stage1_Playoffs,LAN,Search and Destroy,Breach,Rise Nation,Heat Wave,Loony,NA,3,8,0,NA,6,OpTic Gaming,2
NA_Stage1_Playoffs_OpTic Gaming_Rise Nation_2,NA_Stage1_Playoffs,LAN,Search and Destroy,Breach,Rise Nation,Kinetic A,Slacked,NA,8,6,2,NA,6,OpTic Gaming,2
NA_Stage1_Playoffs_OpTic Gaming_Rise Nation_3,NA_Stage1_Playoffs,LAN,Uplink,Fringe,OpTic Gaming,Heat Wave,Karma,NA,20,16,1,NA,14,Rise Nation,2
NA_Stage1_Playoffs_OpTic Gaming_Rise Nation_3,NA_Stage1_Playoffs,LAN,Uplink,Fringe,OpTic Gaming,Active C,Crimsix,NA,20,19,2,NA,14,Rise Nation,2
NA_Stage1_Playoffs_OpTic Gaming_Rise Nation_3,NA_Stage1_Playoffs,LAN,Uplink,Fringe,OpTic Gaming,Scythe,FormaL,NA,32,18,1,NA,14,Rise Nation,2
NA_Stage1_Playoffs_OpTic Gaming_Rise Nation_3,NA_Stage1_Playoffs,LAN,Uplink,Fringe,OpTic Gaming,Kinetic A,Scump,NA,32,18,2,NA,14,Rise Nation,2
NA_Stage1_Playoffs_OpTic Gaming_Rise Nation_3,NA_Stage1_Playoffs,LAN,Uplink,Fringe,Rise Nation,Scythe,Octane,NA,24,22,0,NA,14,OpTic Gaming,2
NA_Stage1_Playoffs_OpTic Gaming_Rise Nation_3,NA_Stage1_Playoffs,LAN,Uplink,Fringe,Rise Nation,Active C,Classic,NA,15,28,0,NA,14,OpTic Gaming,2
NA_Stage1_Playoffs_OpTic Gaming_Rise Nation_3,NA_Stage1_Playoffs,LAN,Uplink,Fringe,Rise Nation,Heat Wave,Loony,NA,10,27,0,NA,14,OpTic Gaming,2
NA_Stage1_Playoffs_OpTic Gaming_Rise Nation_3,NA_Stage1_Playoffs,LAN,Uplink,Fringe,Rise Nation,Kinetic A,Slacked,NA,22,27,0,NA,14,OpTic Gaming,2
NA_Stage1_Playoffs_OpTic Gaming_Rise Nation_4,NA_Stage1_Playoffs,LAN,Capture the Flag,Evac,OpTic Gaming,Heat Wave,Karma,NA,22,17,0,NA,1,Rise Nation,2
NA_Stage1_Playoffs_OpTic Gaming_Rise Nation_4,NA_Stage1_Playoffs,LAN,Capture the Flag,Evac,OpTic Gaming,Active C,Crimsix,NA,13,17,1,NA,1,Rise Nation,2
NA_Stage1_Playoffs_OpTic Gaming_Rise Nation_4,NA_Stage1_Playoffs,LAN,Capture the Flag,Evac,OpTic Gaming,Scythe,FormaL,NA,13,18,0,NA,1,Rise Nation,2
NA_Stage1_Playoffs_OpTic Gaming_Rise Nation_4,NA_Stage1_Playoffs,LAN,Capture the Flag,Evac,OpTic Gaming,Kinetic A,Scump,NA,16,19,0,NA,1,Rise Nation,2
NA_Stage1_Playoffs_OpTic Gaming_Rise Nation_4,NA_Stage1_Playoffs,LAN,Capture the Flag,Evac,Rise Nation,Scythe,Octane,NA,12,16,0,NA,1,OpTic Gaming,2
NA_Stage1_Playoffs_OpTic Gaming_Rise Nation_4,NA_Stage1_Playoffs,LAN,Capture the Flag,Evac,Rise Nation,Active C,Classic,NA,22,13,0,NA,1,OpTic Gaming,2
NA_Stage1_Playoffs_OpTic Gaming_Rise Nation_4,NA_Stage1_Playoffs,LAN,Capture the Flag,Evac,Rise Nation,Heat Wave,Loony,NA,20,16,1,NA,1,OpTic Gaming,2
NA_Stage1_Playoffs_OpTic Gaming_Rise Nation_4,NA_Stage1_Playoffs,LAN,Capture the Flag,Evac,Rise Nation,Kinetic A,Slacked,NA,16,20,1,NA,1,OpTic Gaming,2
NA_Stage1_Playoffs_OpTic Gaming_Rise Nation_5,NA_Stage1_Playoffs,LAN,Search and Destroy,Hunted,OpTic Gaming,Heat Wave,Karma,NA,9,6,0,NA,3,Rise Nation,6
NA_Stage1_Playoffs_OpTic Gaming_Rise Nation_5,NA_Stage1_Playoffs,LAN,Search and Destroy,Hunted,OpTic Gaming,Vision P,Crimsix,NA,7,8,0,NA,3,Rise Nation,6
NA_Stage1_Playoffs_OpTic Gaming_Rise Nation_5,NA_Stage1_Playoffs,LAN,Search and Destroy,Hunted,OpTic Gaming,Active C,FormaL,NA,5,6,0,NA,3,Rise Nation,6
NA_Stage1_Playoffs_OpTic Gaming_Rise Nation_5,NA_Stage1_Playoffs,LAN,Search and Destroy,Hunted,OpTic Gaming,Kinetic A,Scump,NA,6,6,4,NA,3,Rise Nation,6
NA_Stage1_Playoffs_OpTic Gaming_Rise Nation_5,NA_Stage1_Playoffs,LAN,Search and Destroy,Hunted,Rise Nation,Vision P,Octane,NA,9,6,0,NA,3,OpTic Gaming,6
NA_Stage1_Playoffs_OpTic Gaming_Rise Nation_5,NA_Stage1_Playoffs,LAN,Search and Destroy,Hunted,Rise Nation,Active C,Classic,NA,9,7,1,NA,3,OpTic Gaming,6
NA_Stage1_Playoffs_OpTic Gaming_Rise Nation_5,NA_Stage1_Playoffs,LAN,Search and Destroy,Hunted,Rise Nation,Heat Wave,Loony,NA,5,7,0,NA,3,OpTic Gaming,6
NA_Stage1_Playoffs_OpTic Gaming_Rise Nation_5,NA_Stage1_Playoffs,LAN,Search and Destroy,Hunted,Rise Nation,Kinetic A,Slacked,NA,3,7,2,NA,3,OpTic Gaming,6
NA_Stage1_Playoffs_OpTic Gaming_Rise Nation_6,NA_Stage1_Playoffs,LAN,Hardpoint,Fringe,OpTic Gaming,Heat Wave,Karma,NA,28,35,1:14,NA,187,Rise Nation,250
NA_Stage1_Playoffs_OpTic Gaming_Rise Nation_6,NA_Stage1_Playoffs,LAN,Hardpoint,Fringe,OpTic Gaming,Active C,Crimsix,NA,27,38,0:57,NA,187,Rise Nation,250
NA_Stage1_Playoffs_OpTic Gaming_Rise Nation_6,NA_Stage1_Playoffs,LAN,Hardpoint,Fringe,OpTic Gaming,Scythe,FormaL,NA,37,40,0:25,NA,187,Rise Nation,250
NA_Stage1_Playoffs_OpTic Gaming_Rise Nation_6,NA_Stage1_Playoffs,LAN,Hardpoint,Fringe,OpTic Gaming,Purifier,Scump,NA,37,37,1:21,NA,187,Rise Nation,250
NA_Stage1_Playoffs_OpTic Gaming_Rise Nation_6,NA_Stage1_Playoffs,LAN,Hardpoint,Fringe,Rise Nation,Scythe,Octane,NA,37,26,0:59,NA,187,OpTic Gaming,250
NA_Stage1_Playoffs_OpTic Gaming_Rise Nation_6,NA_Stage1_Playoffs,LAN,Hardpoint,Fringe,Rise Nation,Tempest,Classic,NA,38,38,1:24,NA,187,OpTic Gaming,250
NA_Stage1_Playoffs_OpTic Gaming_Rise Nation_6,NA_Stage1_Playoffs,LAN,Hardpoint,Fringe,Rise Nation,Heat Wave,Loony,NA,36,36,0:27,NA,187,OpTic Gaming,250
NA_Stage1_Playoffs_OpTic Gaming_Rise Nation_6,NA_Stage1_Playoffs,LAN,Hardpoint,Fringe,Rise Nation,Active C,Slacked,NA,39,29,2:28,NA,187,OpTic Gaming,250
NA_Stage1_Playoffs_OpTic Gaming_Rise Nation_7,NA_Stage1_Playoffs,LAN,Search and Destroy,Infection,OpTic Gaming,Heat Wave,Karma,NA,9,7,0,NA,6,Rise Nation,5
NA_Stage1_Playoffs_OpTic Gaming_Rise Nation_7,NA_Stage1_Playoffs,LAN,Search and Destroy,Infection,OpTic Gaming,Vision P,Crimsix,NA,7,7,0,NA,6,Rise Nation,5
NA_Stage1_Playoffs_OpTic Gaming_Rise Nation_7,NA_Stage1_Playoffs,LAN,Search and Destroy,Infection,OpTic Gaming,Active C,FormaL,NA,8,6,0,NA,6,Rise Nation,5
NA_Stage1_Playoffs_OpTic Gaming_Rise Nation_7,NA_Stage1_Playoffs,LAN,Search and Destroy,Infection,OpTic Gaming,Kinetic A,Scump,NA,7,8,1,NA,6,Rise Nation,5
NA_Stage1_Playoffs_OpTic Gaming_Rise Nation_7,NA_Stage1_Playoffs,LAN,Search and Destroy,Infection,Rise Nation,Vision P,Octane,NA,5,8,1,NA,6,OpTic Gaming,5
NA_Stage1_Playoffs_OpTic Gaming_Rise Nation_7,NA_Stage1_Playoffs,LAN,Search and Destroy,Infection,Rise Nation,Active C,Classic,NA,7,8,1,NA,6,OpTic Gaming,5
NA_Stage1_Playoffs_OpTic Gaming_Rise Nation_7,NA_Stage1_Playoffs,LAN,Search and Destroy,Infection,Rise Nation,Heat Wave,Loony,NA,7,7,0,NA,6,OpTic Gaming,5
NA_Stage1_Playoffs_OpTic Gaming_Rise Nation_7,NA_Stage1_Playoffs,LAN,Search and Destroy,Infection,Rise Nation,Kinetic A,Slacked,NA,8,8,4,NA,6,OpTic Gaming,5